2026-01-04 23:47:01 [main] INFO  c.a.nacos.client.utils.ParamUtil - [settings] [req-serv] nacos-server port:8848
2026-01-04 23:47:01 [main] INFO  c.a.nacos.client.utils.ParamUtil - [settings] [http-client] connect timeout:1000
2026-01-04 23:47:01 [main] INFO  c.a.nacos.client.utils.ParamUtil - PER_TASK_CONFIG_SIZE: 3000.0
2026-01-04 23:47:02 [main] INFO  com.alibaba.nacos.common.labels - DefaultLabelsCollectorManager get labels.....
2026-01-04 23:47:02 [main] INFO  com.alibaba.nacos.common.labels - Process LabelsCollector with [name:defaultNacosLabelsCollector]
2026-01-04 23:47:02 [main] INFO  com.alibaba.nacos.common.labels - default nacos collect properties raw labels: null
2026-01-04 23:47:02 [main] INFO  com.alibaba.nacos.common.labels - default nacos collect properties labels: {}
2026-01-04 23:47:02 [main] INFO  com.alibaba.nacos.common.labels - default nacos collect jvm raw labels: null
2026-01-04 23:47:02 [main] INFO  com.alibaba.nacos.common.labels - default nacos collect jvm labels: {}
2026-01-04 23:47:02 [main] INFO  com.alibaba.nacos.common.labels - default nacos collect env raw labels: null
2026-01-04 23:47:02 [main] INFO  com.alibaba.nacos.common.labels - default nacos collect env labels: {}
2026-01-04 23:47:02 [main] INFO  com.alibaba.nacos.common.labels - DefaultLabelsCollectorManager get labels finished,labels :{}
2026-01-04 23:47:02 [Thread-1] INFO  c.a.n.c.a.r.i.CredentialWatcher - null No credential found
2026-01-04 23:47:02 [main] INFO  c.a.n.p.a.s.c.ClientAuthPluginManager - [ClientAuthPluginManager] Load ClientAuthService com.alibaba.nacos.client.auth.impl.NacosClientAuthServiceImpl success.
2026-01-04 23:47:02 [main] INFO  c.a.n.p.a.s.c.ClientAuthPluginManager - [ClientAuthPluginManager] Load ClientAuthService com.alibaba.nacos.client.auth.ram.RamClientAuthServiceImpl success.
2026-01-04 23:47:02 [main] INFO  c.a.n.c.c.i.LocalConfigInfoProcessor - LOCAL_SNAPSHOT_PATH:C:\Users\24148\nacos\config
2026-01-04 23:47:02 [main] INFO  c.alibaba.nacos.common.remote.client - [RpcClientFactory] create a new rpc client of 7aa9ee78-6112-496c-8079-228f011b926f_config-0
2026-01-04 23:47:02 [main] INFO  c.alibaba.nacos.common.remote.client - [7aa9ee78-6112-496c-8079-228f011b926f_config-0] Register server push request handler:com.alibaba.nacos.client.config.impl.ClientWorker$ConfigRpcTransportClient$$Lambda$694/0x0000000800f7e258
2026-01-04 23:47:02 [main] INFO  c.alibaba.nacos.common.remote.client - [7aa9ee78-6112-496c-8079-228f011b926f_config-0] Register server push request handler:com.alibaba.nacos.client.config.impl.ClientWorker$ConfigRpcTransportClient$$Lambda$695/0x0000000800f7e678
2026-01-04 23:47:02 [main] INFO  c.alibaba.nacos.common.remote.client - [7aa9ee78-6112-496c-8079-228f011b926f_config-0] Registry connection listener to current client:com.alibaba.nacos.client.config.impl.ClientWorker$ConfigRpcTransportClient$1
2026-01-04 23:47:02 [main] INFO  c.alibaba.nacos.common.remote.client - [7aa9ee78-6112-496c-8079-228f011b926f_config-0] RpcClient init, ServerListFactory = com.alibaba.nacos.client.config.impl.ClientWorker$ConfigRpcTransportClient$2
2026-01-04 23:47:02 [main] INFO  c.alibaba.nacos.common.remote.client - [7aa9ee78-6112-496c-8079-228f011b926f_config-0] Try to connect to server on start up, server: {serverIp = '127.0.0.1', server main port = 8848}
2026-01-04 23:47:02 [main] INFO  c.a.n.c.r.client.grpc.GrpcClient - grpc client connection server:127.0.0.1 ip,serverPort:9848,grpcTslConfig:{"sslProvider":"","enableTls":false,"mutualAuthEnable":false,"trustAll":false}
2026-01-04 23:47:03 [main] ERROR c.a.n.c.r.client.grpc.GrpcClient - Server check fail, please check server 127.0.0.1 ,port 9848 is available , error ={}
java.util.concurrent.ExecutionException: com.alibaba.nacos.shaded.io.grpc.StatusRuntimeException: UNAVAILABLE: io exception
	at com.alibaba.nacos.shaded.com.google.common.util.concurrent.AbstractFuture.getDoneValue(AbstractFuture.java:592)
	at com.alibaba.nacos.shaded.com.google.common.util.concurrent.AbstractFuture.get(AbstractFuture.java:467)
	at com.alibaba.nacos.common.remote.client.grpc.GrpcClient.serverCheck(GrpcClient.java:243)
	at com.alibaba.nacos.common.remote.client.grpc.GrpcClient.connectToServer(GrpcClient.java:367)
	at com.alibaba.nacos.common.remote.client.RpcClient.start(RpcClient.java:349)
	at com.alibaba.nacos.client.config.impl.ClientWorker$ConfigRpcTransportClient.ensureRpcClient(ClientWorker.java:1100)
	at com.alibaba.nacos.client.config.impl.ClientWorker$ConfigRpcTransportClient.getOneRunningClient(ClientWorker.java:1248)
	at com.alibaba.nacos.client.config.impl.ClientWorker$ConfigRpcTransportClient.queryConfig(ClientWorker.java:1146)
	at com.alibaba.nacos.client.config.impl.ClientWorker.getServerConfig(ClientWorker.java:472)
	at com.alibaba.nacos.client.config.NacosConfigService.getConfigInner(NacosConfigService.java:188)
	at com.alibaba.nacos.client.config.NacosConfigService.getConfig(NacosConfigService.java:99)
	at com.alibaba.cloud.nacos.client.NacosPropertySourceBuilder.loadNacosData(NacosPropertySourceBuilder.java:89)
	at com.alibaba.cloud.nacos.client.NacosPropertySourceBuilder.build(NacosPropertySourceBuilder.java:74)
	at com.alibaba.cloud.nacos.client.NacosPropertySourceLocator.loadNacosPropertySource(NacosPropertySourceLocator.java:199)
	at com.alibaba.cloud.nacos.client.NacosPropertySourceLocator.loadNacosDataIfPresent(NacosPropertySourceLocator.java:186)
	at com.alibaba.cloud.nacos.client.NacosPropertySourceLocator.loadApplicationConfiguration(NacosPropertySourceLocator.java:141)
	at com.alibaba.cloud.nacos.client.NacosPropertySourceLocator.locate(NacosPropertySourceLocator.java:103)
	at org.springframework.cloud.bootstrap.config.PropertySourceLocator.locateCollection(PropertySourceLocator.java:50)
	at org.springframework.cloud.bootstrap.config.PropertySourceLocator.locateCollection(PropertySourceLocator.java:46)
	at org.springframework.cloud.bootstrap.config.PropertySourceBootstrapConfiguration.doInitialize(PropertySourceBootstrapConfiguration.java:120)
	at org.springframework.cloud.bootstrap.config.PropertySourceBootstrapConfiguration.initialize(PropertySourceBootstrapConfiguration.java:110)
	at org.springframework.boot.SpringApplication.applyInitializers(SpringApplication.java:623)
	at org.springframework.boot.SpringApplication.prepareContext(SpringApplication.java:386)
	at org.springframework.boot.SpringApplication.run(SpringApplication.java:320)
	at org.springframework.boot.SpringApplication.run(SpringApplication.java:1365)
	at org.springframework.boot.SpringApplication.run(SpringApplication.java:1354)
	at com.homework.recognition.RecognitionApplication.main(RecognitionApplication.java:17)
Caused by: com.alibaba.nacos.shaded.io.grpc.StatusRuntimeException: UNAVAILABLE: io exception
	at com.alibaba.nacos.shaded.io.grpc.Status.asRuntimeException(Status.java:537)
	at com.alibaba.nacos.shaded.io.grpc.stub.ClientCalls$UnaryStreamToFuture.onClose(ClientCalls.java:548)
	at com.alibaba.nacos.shaded.io.grpc.internal.DelayedClientCall$DelayedListener$3.run(DelayedClientCall.java:489)
	at com.alibaba.nacos.shaded.io.grpc.internal.DelayedClientCall$DelayedListener.delayOrExecute(DelayedClientCall.java:453)
	at com.alibaba.nacos.shaded.io.grpc.internal.DelayedClientCall$DelayedListener.onClose(DelayedClientCall.java:486)
	at com.alibaba.nacos.shaded.io.grpc.internal.ClientCallImpl.closeObserver(ClientCallImpl.java:567)
	at com.alibaba.nacos.shaded.io.grpc.internal.ClientCallImpl.access$300(ClientCallImpl.java:71)
	at com.alibaba.nacos.shaded.io.grpc.internal.ClientCallImpl$ClientStreamListenerImpl$1StreamClosed.runInternal(ClientCallImpl.java:735)
	at com.alibaba.nacos.shaded.io.grpc.internal.ClientCallImpl$ClientStreamListenerImpl$1StreamClosed.runInContext(ClientCallImpl.java:716)
	at com.alibaba.nacos.shaded.io.grpc.internal.ContextRunnable.run(ContextRunnable.java:37)
	at com.alibaba.nacos.shaded.io.grpc.internal.SerializingExecutor.run(SerializingExecutor.java:133)
	at java.base/java.util.concurrent.ThreadPoolExecutor.runWorker(ThreadPoolExecutor.java:1136)
	at java.base/java.util.concurrent.ThreadPoolExecutor$Worker.run(ThreadPoolExecutor.java:635)
	at java.base/java.lang.Thread.run(Thread.java:833)
Caused by: com.alibaba.nacos.shaded.io.grpc.netty.shaded.io.netty.channel.AbstractChannel$AnnotatedConnectException: Connection refused: no further information: /127.0.0.1:9848
Caused by: java.net.ConnectException: Connection refused: no further information
	at java.base/sun.nio.ch.Net.pollConnect(Native Method)
	at java.base/sun.nio.ch.Net.pollConnectNow(Net.java:672)
	at java.base/sun.nio.ch.SocketChannelImpl.finishConnect(SocketChannelImpl.java:946)
	at com.alibaba.nacos.shaded.io.grpc.netty.shaded.io.netty.channel.socket.nio.NioSocketChannel.doFinishConnect(NioSocketChannel.java:337)
	at com.alibaba.nacos.shaded.io.grpc.netty.shaded.io.netty.channel.nio.AbstractNioChannel$AbstractNioUnsafe.finishConnect(AbstractNioChannel.java:334)
	at com.alibaba.nacos.shaded.io.grpc.netty.shaded.io.netty.channel.nio.NioEventLoop.processSelectedKey(NioEventLoop.java:776)
	at com.alibaba.nacos.shaded.io.grpc.netty.shaded.io.netty.channel.nio.NioEventLoop.processSelectedKeysOptimized(NioEventLoop.java:724)
	at com.alibaba.nacos.shaded.io.grpc.netty.shaded.io.netty.channel.nio.NioEventLoop.processSelectedKeys(NioEventLoop.java:650)
	at com.alibaba.nacos.shaded.io.grpc.netty.shaded.io.netty.channel.nio.NioEventLoop.run(NioEventLoop.java:562)
	at com.alibaba.nacos.shaded.io.grpc.netty.shaded.io.netty.util.concurrent.SingleThreadEventExecutor$4.run(SingleThreadEventExecutor.java:997)
	at com.alibaba.nacos.shaded.io.grpc.netty.shaded.io.netty.util.internal.ThreadExecutorMap$2.run(ThreadExecutorMap.java:74)
	at com.alibaba.nacos.shaded.io.grpc.netty.shaded.io.netty.util.concurrent.FastThreadLocalRunnable.run(FastThreadLocalRunnable.java:30)
	at java.base/java.lang.Thread.run(Thread.java:833)
2026-01-04 23:47:03 [main] INFO  c.alibaba.nacos.common.remote.client - [7aa9ee78-6112-496c-8079-228f011b926f_config-0] Try to connect to server on start up, server: {serverIp = '127.0.0.1', server main port = 8848}
2026-01-04 23:47:03 [main] INFO  c.a.n.c.r.client.grpc.GrpcClient - grpc client connection server:127.0.0.1 ip,serverPort:9848,grpcTslConfig:{"sslProvider":"","enableTls":false,"mutualAuthEnable":false,"trustAll":false}
2026-01-04 23:47:03 [main] ERROR c.a.n.c.r.client.grpc.GrpcClient - Server check fail, please check server 127.0.0.1 ,port 9848 is available , error ={}
java.util.concurrent.ExecutionException: com.alibaba.nacos.shaded.io.grpc.StatusRuntimeException: UNAVAILABLE: io exception
	at com.alibaba.nacos.shaded.com.google.common.util.concurrent.AbstractFuture.getDoneValue(AbstractFuture.java:592)
	at com.alibaba.nacos.shaded.com.google.common.util.concurrent.AbstractFuture.get(AbstractFuture.java:467)
	at com.alibaba.nacos.common.remote.client.grpc.GrpcClient.serverCheck(GrpcClient.java:243)
	at com.alibaba.nacos.common.remote.client.grpc.GrpcClient.connectToServer(GrpcClient.java:367)
	at com.alibaba.nacos.common.remote.client.RpcClient.start(RpcClient.java:349)
	at com.alibaba.nacos.client.config.impl.ClientWorker$ConfigRpcTransportClient.ensureRpcClient(ClientWorker.java:1100)
	at com.alibaba.nacos.client.config.impl.ClientWorker$ConfigRpcTransportClient.getOneRunningClient(ClientWorker.java:1248)
	at com.alibaba.nacos.client.config.impl.ClientWorker$ConfigRpcTransportClient.queryConfig(ClientWorker.java:1146)
	at com.alibaba.nacos.client.config.impl.ClientWorker.getServerConfig(ClientWorker.java:472)
	at com.alibaba.nacos.client.config.NacosConfigService.getConfigInner(NacosConfigService.java:188)
	at com.alibaba.nacos.client.config.NacosConfigService.getConfig(NacosConfigService.java:99)
	at com.alibaba.cloud.nacos.client.NacosPropertySourceBuilder.loadNacosData(NacosPropertySourceBuilder.java:89)
	at com.alibaba.cloud.nacos.client.NacosPropertySourceBuilder.build(NacosPropertySourceBuilder.java:74)
	at com.alibaba.cloud.nacos.client.NacosPropertySourceLocator.loadNacosPropertySource(NacosPropertySourceLocator.java:199)
	at com.alibaba.cloud.nacos.client.NacosPropertySourceLocator.loadNacosDataIfPresent(NacosPropertySourceLocator.java:186)
	at com.alibaba.cloud.nacos.client.NacosPropertySourceLocator.loadApplicationConfiguration(NacosPropertySourceLocator.java:141)
	at com.alibaba.cloud.nacos.client.NacosPropertySourceLocator.locate(NacosPropertySourceLocator.java:103)
	at org.springframework.cloud.bootstrap.config.PropertySourceLocator.locateCollection(PropertySourceLocator.java:50)
	at org.springframework.cloud.bootstrap.config.PropertySourceLocator.locateCollection(PropertySourceLocator.java:46)
	at org.springframework.cloud.bootstrap.config.PropertySourceBootstrapConfiguration.doInitialize(PropertySourceBootstrapConfiguration.java:120)
	at org.springframework.cloud.bootstrap.config.PropertySourceBootstrapConfiguration.initialize(PropertySourceBootstrapConfiguration.java:110)
	at org.springframework.boot.SpringApplication.applyInitializers(SpringApplication.java:623)
	at org.springframework.boot.SpringApplication.prepareContext(SpringApplication.java:386)
	at org.springframework.boot.SpringApplication.run(SpringApplication.java:320)
	at org.springframework.boot.SpringApplication.run(SpringApplication.java:1365)
	at org.springframework.boot.SpringApplication.run(SpringApplication.java:1354)
	at com.homework.recognition.RecognitionApplication.main(RecognitionApplication.java:17)
Caused by: com.alibaba.nacos.shaded.io.grpc.StatusRuntimeException: UNAVAILABLE: io exception
	at com.alibaba.nacos.shaded.io.grpc.Status.asRuntimeException(Status.java:537)
	at com.alibaba.nacos.shaded.io.grpc.stub.ClientCalls$UnaryStreamToFuture.onClose(ClientCalls.java:548)
	at com.alibaba.nacos.shaded.io.grpc.internal.DelayedClientCall$DelayedListener$3.run(DelayedClientCall.java:489)
	at com.alibaba.nacos.shaded.io.grpc.internal.DelayedClientCall$DelayedListener.delayOrExecute(DelayedClientCall.java:453)
	at com.alibaba.nacos.shaded.io.grpc.internal.DelayedClientCall$DelayedListener.onClose(DelayedClientCall.java:486)
	at com.alibaba.nacos.shaded.io.grpc.internal.ClientCallImpl.closeObserver(ClientCallImpl.java:567)
	at com.alibaba.nacos.shaded.io.grpc.internal.ClientCallImpl.access$300(ClientCallImpl.java:71)
	at com.alibaba.nacos.shaded.io.grpc.internal.ClientCallImpl$ClientStreamListenerImpl$1StreamClosed.runInternal(ClientCallImpl.java:735)
	at com.alibaba.nacos.shaded.io.grpc.internal.ClientCallImpl$ClientStreamListenerImpl$1StreamClosed.runInContext(ClientCallImpl.java:716)
	at com.alibaba.nacos.shaded.io.grpc.internal.ContextRunnable.run(ContextRunnable.java:37)
	at com.alibaba.nacos.shaded.io.grpc.internal.SerializingExecutor.run(SerializingExecutor.java:133)
	at java.base/java.util.concurrent.ThreadPoolExecutor.runWorker(ThreadPoolExecutor.java:1136)
	at java.base/java.util.concurrent.ThreadPoolExecutor$Worker.run(ThreadPoolExecutor.java:635)
	at java.base/java.lang.Thread.run(Thread.java:833)
Caused by: com.alibaba.nacos.shaded.io.grpc.netty.shaded.io.netty.channel.AbstractChannel$AnnotatedConnectException: Connection refused: no further information: /127.0.0.1:9848
Caused by: java.net.ConnectException: Connection refused: no further information
	at java.base/sun.nio.ch.Net.pollConnect(Native Method)
	at java.base/sun.nio.ch.Net.pollConnectNow(Net.java:672)
	at java.base/sun.nio.ch.SocketChannelImpl.finishConnect(SocketChannelImpl.java:946)
	at com.alibaba.nacos.shaded.io.grpc.netty.shaded.io.netty.channel.socket.nio.NioSocketChannel.doFinishConnect(NioSocketChannel.java:337)
	at com.alibaba.nacos.shaded.io.grpc.netty.shaded.io.netty.channel.nio.AbstractNioChannel$AbstractNioUnsafe.finishConnect(AbstractNioChannel.java:334)
	at com.alibaba.nacos.shaded.io.grpc.netty.shaded.io.netty.channel.nio.NioEventLoop.processSelectedKey(NioEventLoop.java:776)
	at com.alibaba.nacos.shaded.io.grpc.netty.shaded.io.netty.channel.nio.NioEventLoop.processSelectedKeysOptimized(NioEventLoop.java:724)
	at com.alibaba.nacos.shaded.io.grpc.netty.shaded.io.netty.channel.nio.NioEventLoop.processSelectedKeys(NioEventLoop.java:650)
	at com.alibaba.nacos.shaded.io.grpc.netty.shaded.io.netty.channel.nio.NioEventLoop.run(NioEventLoop.java:562)
	at com.alibaba.nacos.shaded.io.grpc.netty.shaded.io.netty.util.concurrent.SingleThreadEventExecutor$4.run(SingleThreadEventExecutor.java:997)
	at com.alibaba.nacos.shaded.io.grpc.netty.shaded.io.netty.util.internal.ThreadExecutorMap$2.run(ThreadExecutorMap.java:74)
	at com.alibaba.nacos.shaded.io.grpc.netty.shaded.io.netty.util.concurrent.FastThreadLocalRunnable.run(FastThreadLocalRunnable.java:30)
	at java.base/java.lang.Thread.run(Thread.java:833)
2026-01-04 23:47:03 [main] INFO  c.alibaba.nacos.common.remote.client - [7aa9ee78-6112-496c-8079-228f011b926f_config-0] Try to connect to server on start up, server: {serverIp = '127.0.0.1', server main port = 8848}
2026-01-04 23:47:03 [main] INFO  c.a.n.c.r.client.grpc.GrpcClient - grpc client connection server:127.0.0.1 ip,serverPort:9848,grpcTslConfig:{"sslProvider":"","enableTls":false,"mutualAuthEnable":false,"trustAll":false}
2026-01-04 23:47:03 [main] ERROR c.a.n.c.r.client.grpc.GrpcClient - Server check fail, please check server 127.0.0.1 ,port 9848 is available , error ={}
java.util.concurrent.ExecutionException: com.alibaba.nacos.shaded.io.grpc.StatusRuntimeException: UNAVAILABLE: io exception
	at com.alibaba.nacos.shaded.com.google.common.util.concurrent.AbstractFuture.getDoneValue(AbstractFuture.java:592)
	at com.alibaba.nacos.shaded.com.google.common.util.concurrent.AbstractFuture.get(AbstractFuture.java:467)
	at com.alibaba.nacos.common.remote.client.grpc.GrpcClient.serverCheck(GrpcClient.java:243)
	at com.alibaba.nacos.common.remote.client.grpc.GrpcClient.connectToServer(GrpcClient.java:367)
	at com.alibaba.nacos.common.remote.client.RpcClient.start(RpcClient.java:349)
	at com.alibaba.nacos.client.config.impl.ClientWorker$ConfigRpcTransportClient.ensureRpcClient(ClientWorker.java:1100)
	at com.alibaba.nacos.client.config.impl.ClientWorker$ConfigRpcTransportClient.getOneRunningClient(ClientWorker.java:1248)
	at com.alibaba.nacos.client.config.impl.ClientWorker$ConfigRpcTransportClient.queryConfig(ClientWorker.java:1146)
	at com.alibaba.nacos.client.config.impl.ClientWorker.getServerConfig(ClientWorker.java:472)
	at com.alibaba.nacos.client.config.NacosConfigService.getConfigInner(NacosConfigService.java:188)
	at com.alibaba.nacos.client.config.NacosConfigService.getConfig(NacosConfigService.java:99)
	at com.alibaba.cloud.nacos.client.NacosPropertySourceBuilder.loadNacosData(NacosPropertySourceBuilder.java:89)
	at com.alibaba.cloud.nacos.client.NacosPropertySourceBuilder.build(NacosPropertySourceBuilder.java:74)
	at com.alibaba.cloud.nacos.client.NacosPropertySourceLocator.loadNacosPropertySource(NacosPropertySourceLocator.java:199)
	at com.alibaba.cloud.nacos.client.NacosPropertySourceLocator.loadNacosDataIfPresent(NacosPropertySourceLocator.java:186)
	at com.alibaba.cloud.nacos.client.NacosPropertySourceLocator.loadApplicationConfiguration(NacosPropertySourceLocator.java:141)
	at com.alibaba.cloud.nacos.client.NacosPropertySourceLocator.locate(NacosPropertySourceLocator.java:103)
	at org.springframework.cloud.bootstrap.config.PropertySourceLocator.locateCollection(PropertySourceLocator.java:50)
	at org.springframework.cloud.bootstrap.config.PropertySourceLocator.locateCollection(PropertySourceLocator.java:46)
	at org.springframework.cloud.bootstrap.config.PropertySourceBootstrapConfiguration.doInitialize(PropertySourceBootstrapConfiguration.java:120)
	at org.springframework.cloud.bootstrap.config.PropertySourceBootstrapConfiguration.initialize(PropertySourceBootstrapConfiguration.java:110)
	at org.springframework.boot.SpringApplication.applyInitializers(SpringApplication.java:623)
	at org.springframework.boot.SpringApplication.prepareContext(SpringApplication.java:386)
	at org.springframework.boot.SpringApplication.run(SpringApplication.java:320)
	at org.springframework.boot.SpringApplication.run(SpringApplication.java:1365)
	at org.springframework.boot.SpringApplication.run(SpringApplication.java:1354)
	at com.homework.recognition.RecognitionApplication.main(RecognitionApplication.java:17)
Caused by: com.alibaba.nacos.shaded.io.grpc.StatusRuntimeException: UNAVAILABLE: io exception
	at com.alibaba.nacos.shaded.io.grpc.Status.asRuntimeException(Status.java:537)
	at com.alibaba.nacos.shaded.io.grpc.stub.ClientCalls$UnaryStreamToFuture.onClose(ClientCalls.java:548)
	at com.alibaba.nacos.shaded.io.grpc.internal.DelayedClientCall$DelayedListener$3.run(DelayedClientCall.java:489)
	at com.alibaba.nacos.shaded.io.grpc.internal.DelayedClientCall$DelayedListener.delayOrExecute(DelayedClientCall.java:453)
	at com.alibaba.nacos.shaded.io.grpc.internal.DelayedClientCall$DelayedListener.onClose(DelayedClientCall.java:486)
	at com.alibaba.nacos.shaded.io.grpc.internal.ClientCallImpl.closeObserver(ClientCallImpl.java:567)
	at com.alibaba.nacos.shaded.io.grpc.internal.ClientCallImpl.access$300(ClientCallImpl.java:71)
	at com.alibaba.nacos.shaded.io.grpc.internal.ClientCallImpl$ClientStreamListenerImpl$1StreamClosed.runInternal(ClientCallImpl.java:735)
	at com.alibaba.nacos.shaded.io.grpc.internal.ClientCallImpl$ClientStreamListenerImpl$1StreamClosed.runInContext(ClientCallImpl.java:716)
	at com.alibaba.nacos.shaded.io.grpc.internal.ContextRunnable.run(ContextRunnable.java:37)
	at com.alibaba.nacos.shaded.io.grpc.internal.SerializingExecutor.run(SerializingExecutor.java:133)
	at java.base/java.util.concurrent.ThreadPoolExecutor.runWorker(ThreadPoolExecutor.java:1136)
	at java.base/java.util.concurrent.ThreadPoolExecutor$Worker.run(ThreadPoolExecutor.java:635)
	at java.base/java.lang.Thread.run(Thread.java:833)
Caused by: com.alibaba.nacos.shaded.io.grpc.netty.shaded.io.netty.channel.AbstractChannel$AnnotatedConnectException: Connection refused: no further information: /127.0.0.1:9848
Caused by: java.net.ConnectException: Connection refused: no further information
	at java.base/sun.nio.ch.Net.pollConnect(Native Method)
	at java.base/sun.nio.ch.Net.pollConnectNow(Net.java:672)
	at java.base/sun.nio.ch.SocketChannelImpl.finishConnect(SocketChannelImpl.java:946)
	at com.alibaba.nacos.shaded.io.grpc.netty.shaded.io.netty.channel.socket.nio.NioSocketChannel.doFinishConnect(NioSocketChannel.java:337)
	at com.alibaba.nacos.shaded.io.grpc.netty.shaded.io.netty.channel.nio.AbstractNioChannel$AbstractNioUnsafe.finishConnect(AbstractNioChannel.java:334)
	at com.alibaba.nacos.shaded.io.grpc.netty.shaded.io.netty.channel.nio.NioEventLoop.processSelectedKey(NioEventLoop.java:776)
	at com.alibaba.nacos.shaded.io.grpc.netty.shaded.io.netty.channel.nio.NioEventLoop.processSelectedKeysOptimized(NioEventLoop.java:724)
	at com.alibaba.nacos.shaded.io.grpc.netty.shaded.io.netty.channel.nio.NioEventLoop.processSelectedKeys(NioEventLoop.java:650)
	at com.alibaba.nacos.shaded.io.grpc.netty.shaded.io.netty.channel.nio.NioEventLoop.run(NioEventLoop.java:562)
	at com.alibaba.nacos.shaded.io.grpc.netty.shaded.io.netty.util.concurrent.SingleThreadEventExecutor$4.run(SingleThreadEventExecutor.java:997)
	at com.alibaba.nacos.shaded.io.grpc.netty.shaded.io.netty.util.internal.ThreadExecutorMap$2.run(ThreadExecutorMap.java:74)
	at com.alibaba.nacos.shaded.io.grpc.netty.shaded.io.netty.util.concurrent.FastThreadLocalRunnable.run(FastThreadLocalRunnable.java:30)
	at java.base/java.lang.Thread.run(Thread.java:833)
2026-01-04 23:47:03 [main] INFO  c.alibaba.nacos.common.remote.client - [7aa9ee78-6112-496c-8079-228f011b926f_config-0] Try to connect to server on start up, server: {serverIp = '127.0.0.1', server main port = 8848}
2026-01-04 23:47:03 [main] INFO  c.a.n.c.r.client.grpc.GrpcClient - grpc client connection server:127.0.0.1 ip,serverPort:9848,grpcTslConfig:{"sslProvider":"","enableTls":false,"mutualAuthEnable":false,"trustAll":false}
2026-01-04 23:47:03 [main] ERROR c.a.n.c.r.client.grpc.GrpcClient - Server check fail, please check server 127.0.0.1 ,port 9848 is available , error ={}
java.util.concurrent.ExecutionException: com.alibaba.nacos.shaded.io.grpc.StatusRuntimeException: UNAVAILABLE: io exception
	at com.alibaba.nacos.shaded.com.google.common.util.concurrent.AbstractFuture.getDoneValue(AbstractFuture.java:592)
	at com.alibaba.nacos.shaded.com.google.common.util.concurrent.AbstractFuture.get(AbstractFuture.java:467)
	at com.alibaba.nacos.common.remote.client.grpc.GrpcClient.serverCheck(GrpcClient.java:243)
	at com.alibaba.nacos.common.remote.client.grpc.GrpcClient.connectToServer(GrpcClient.java:367)
	at com.alibaba.nacos.common.remote.client.RpcClient.start(RpcClient.java:349)
	at com.alibaba.nacos.client.config.impl.ClientWorker$ConfigRpcTransportClient.ensureRpcClient(ClientWorker.java:1100)
	at com.alibaba.nacos.client.config.impl.ClientWorker$ConfigRpcTransportClient.getOneRunningClient(ClientWorker.java:1248)
	at com.alibaba.nacos.client.config.impl.ClientWorker$ConfigRpcTransportClient.queryConfig(ClientWorker.java:1146)
	at com.alibaba.nacos.client.config.impl.ClientWorker.getServerConfig(ClientWorker.java:472)
	at com.alibaba.nacos.client.config.NacosConfigService.getConfigInner(NacosConfigService.java:188)
	at com.alibaba.nacos.client.config.NacosConfigService.getConfig(NacosConfigService.java:99)
	at com.alibaba.cloud.nacos.client.NacosPropertySourceBuilder.loadNacosData(NacosPropertySourceBuilder.java:89)
	at com.alibaba.cloud.nacos.client.NacosPropertySourceBuilder.build(NacosPropertySourceBuilder.java:74)
	at com.alibaba.cloud.nacos.client.NacosPropertySourceLocator.loadNacosPropertySource(NacosPropertySourceLocator.java:199)
	at com.alibaba.cloud.nacos.client.NacosPropertySourceLocator.loadNacosDataIfPresent(NacosPropertySourceLocator.java:186)
	at com.alibaba.cloud.nacos.client.NacosPropertySourceLocator.loadApplicationConfiguration(NacosPropertySourceLocator.java:141)
	at com.alibaba.cloud.nacos.client.NacosPropertySourceLocator.locate(NacosPropertySourceLocator.java:103)
	at org.springframework.cloud.bootstrap.config.PropertySourceLocator.locateCollection(PropertySourceLocator.java:50)
	at org.springframework.cloud.bootstrap.config.PropertySourceLocator.locateCollection(PropertySourceLocator.java:46)
	at org.springframework.cloud.bootstrap.config.PropertySourceBootstrapConfiguration.doInitialize(PropertySourceBootstrapConfiguration.java:120)
	at org.springframework.cloud.bootstrap.config.PropertySourceBootstrapConfiguration.initialize(PropertySourceBootstrapConfiguration.java:110)
	at org.springframework.boot.SpringApplication.applyInitializers(SpringApplication.java:623)
	at org.springframework.boot.SpringApplication.prepareContext(SpringApplication.java:386)
	at org.springframework.boot.SpringApplication.run(SpringApplication.java:320)
	at org.springframework.boot.SpringApplication.run(SpringApplication.java:1365)
	at org.springframework.boot.SpringApplication.run(SpringApplication.java:1354)
	at com.homework.recognition.RecognitionApplication.main(RecognitionApplication.java:17)
Caused by: com.alibaba.nacos.shaded.io.grpc.StatusRuntimeException: UNAVAILABLE: io exception
	at com.alibaba.nacos.shaded.io.grpc.Status.asRuntimeException(Status.java:537)
	at com.alibaba.nacos.shaded.io.grpc.stub.ClientCalls$UnaryStreamToFuture.onClose(ClientCalls.java:548)
	at com.alibaba.nacos.shaded.io.grpc.internal.DelayedClientCall$DelayedListener$3.run(DelayedClientCall.java:489)
	at com.alibaba.nacos.shaded.io.grpc.internal.DelayedClientCall$DelayedListener.delayOrExecute(DelayedClientCall.java:453)
	at com.alibaba.nacos.shaded.io.grpc.internal.DelayedClientCall$DelayedListener.onClose(DelayedClientCall.java:486)
	at com.alibaba.nacos.shaded.io.grpc.internal.ClientCallImpl.closeObserver(ClientCallImpl.java:567)
	at com.alibaba.nacos.shaded.io.grpc.internal.ClientCallImpl.access$300(ClientCallImpl.java:71)
	at com.alibaba.nacos.shaded.io.grpc.internal.ClientCallImpl$ClientStreamListenerImpl$1StreamClosed.runInternal(ClientCallImpl.java:735)
	at com.alibaba.nacos.shaded.io.grpc.internal.ClientCallImpl$ClientStreamListenerImpl$1StreamClosed.runInContext(ClientCallImpl.java:716)
	at com.alibaba.nacos.shaded.io.grpc.internal.ContextRunnable.run(ContextRunnable.java:37)
	at com.alibaba.nacos.shaded.io.grpc.internal.SerializingExecutor.run(SerializingExecutor.java:133)
	at java.base/java.util.concurrent.ThreadPoolExecutor.runWorker(ThreadPoolExecutor.java:1136)
	at java.base/java.util.concurrent.ThreadPoolExecutor$Worker.run(ThreadPoolExecutor.java:635)
	at java.base/java.lang.Thread.run(Thread.java:833)
Caused by: com.alibaba.nacos.shaded.io.grpc.netty.shaded.io.netty.channel.AbstractChannel$AnnotatedConnectException: Connection refused: no further information: /127.0.0.1:9848
Caused by: java.net.ConnectException: Connection refused: no further information
	at java.base/sun.nio.ch.Net.pollConnect(Native Method)
	at java.base/sun.nio.ch.Net.pollConnectNow(Net.java:672)
	at java.base/sun.nio.ch.SocketChannelImpl.finishConnect(SocketChannelImpl.java:946)
	at com.alibaba.nacos.shaded.io.grpc.netty.shaded.io.netty.channel.socket.nio.NioSocketChannel.doFinishConnect(NioSocketChannel.java:337)
	at com.alibaba.nacos.shaded.io.grpc.netty.shaded.io.netty.channel.nio.AbstractNioChannel$AbstractNioUnsafe.finishConnect(AbstractNioChannel.java:334)
	at com.alibaba.nacos.shaded.io.grpc.netty.shaded.io.netty.channel.nio.NioEventLoop.processSelectedKey(NioEventLoop.java:776)
	at com.alibaba.nacos.shaded.io.grpc.netty.shaded.io.netty.channel.nio.NioEventLoop.processSelectedKeysOptimized(NioEventLoop.java:724)
	at com.alibaba.nacos.shaded.io.grpc.netty.shaded.io.netty.channel.nio.NioEventLoop.processSelectedKeys(NioEventLoop.java:650)
	at com.alibaba.nacos.shaded.io.grpc.netty.shaded.io.netty.channel.nio.NioEventLoop.run(NioEventLoop.java:562)
	at com.alibaba.nacos.shaded.io.grpc.netty.shaded.io.netty.util.concurrent.SingleThreadEventExecutor$4.run(SingleThreadEventExecutor.java:997)
	at com.alibaba.nacos.shaded.io.grpc.netty.shaded.io.netty.util.internal.ThreadExecutorMap$2.run(ThreadExecutorMap.java:74)
	at com.alibaba.nacos.shaded.io.grpc.netty.shaded.io.netty.util.concurrent.FastThreadLocalRunnable.run(FastThreadLocalRunnable.java:30)
	at java.base/java.lang.Thread.run(Thread.java:833)
2026-01-04 23:47:03 [com.alibaba.nacos.client.remote.worker.1] INFO  c.alibaba.nacos.common.remote.client - [7aa9ee78-6112-496c-8079-228f011b926f_config-0] Try to reconnect to a new server, server is  not appointed, will choose a random server.
2026-01-04 23:47:03 [main] INFO  c.alibaba.nacos.common.remote.client - [7aa9ee78-6112-496c-8079-228f011b926f_config-0] Register server push request handler:com.alibaba.nacos.common.remote.client.RpcClient$ConnectResetRequestHandler
2026-01-04 23:47:03 [com.alibaba.nacos.client.remote.worker.1] INFO  c.a.n.c.r.client.grpc.GrpcClient - grpc client connection server:127.0.0.1 ip,serverPort:9848,grpcTslConfig:{"sslProvider":"","enableTls":false,"mutualAuthEnable":false,"trustAll":false}
2026-01-04 23:47:03 [main] INFO  c.alibaba.nacos.common.remote.client - [7aa9ee78-6112-496c-8079-228f011b926f_config-0] Register server push request handler:com.alibaba.nacos.common.remote.client.RpcClient$$Lambda$714/0x00000008010a5350
2026-01-04 23:47:03 [com.alibaba.nacos.client.remote.worker.1] ERROR c.a.n.c.r.client.grpc.GrpcClient - Server check fail, please check server 127.0.0.1 ,port 9848 is available , error ={}
java.util.concurrent.ExecutionException: com.alibaba.nacos.shaded.io.grpc.StatusRuntimeException: UNAVAILABLE: io exception
	at com.alibaba.nacos.shaded.com.google.common.util.concurrent.AbstractFuture.getDoneValue(AbstractFuture.java:592)
	at com.alibaba.nacos.shaded.com.google.common.util.concurrent.AbstractFuture.get(AbstractFuture.java:467)
	at com.alibaba.nacos.common.remote.client.grpc.GrpcClient.serverCheck(GrpcClient.java:243)
	at com.alibaba.nacos.common.remote.client.grpc.GrpcClient.connectToServer(GrpcClient.java:367)
	at com.alibaba.nacos.common.remote.client.RpcClient.reconnect(RpcClient.java:502)
	at com.alibaba.nacos.common.remote.client.RpcClient.lambda$start$1(RpcClient.java:329)
	at java.base/java.util.concurrent.Executors$RunnableAdapter.call(Executors.java:539)
	at java.base/java.util.concurrent.FutureTask.run(FutureTask.java:264)
	at java.base/java.util.concurrent.ScheduledThreadPoolExecutor$ScheduledFutureTask.run(ScheduledThreadPoolExecutor.java:304)
	at java.base/java.util.concurrent.ThreadPoolExecutor.runWorker(ThreadPoolExecutor.java:1136)
	at java.base/java.util.concurrent.ThreadPoolExecutor$Worker.run(ThreadPoolExecutor.java:635)
	at java.base/java.lang.Thread.run(Thread.java:833)
Caused by: com.alibaba.nacos.shaded.io.grpc.StatusRuntimeException: UNAVAILABLE: io exception
	at com.alibaba.nacos.shaded.io.grpc.Status.asRuntimeException(Status.java:537)
	at com.alibaba.nacos.shaded.io.grpc.stub.ClientCalls$UnaryStreamToFuture.onClose(ClientCalls.java:548)
	at com.alibaba.nacos.shaded.io.grpc.internal.DelayedClientCall$DelayedListener$3.run(DelayedClientCall.java:489)
	at com.alibaba.nacos.shaded.io.grpc.internal.DelayedClientCall$DelayedListener.delayOrExecute(DelayedClientCall.java:453)
	at com.alibaba.nacos.shaded.io.grpc.internal.DelayedClientCall$DelayedListener.onClose(DelayedClientCall.java:486)
	at com.alibaba.nacos.shaded.io.grpc.internal.ClientCallImpl.closeObserver(ClientCallImpl.java:567)
	at com.alibaba.nacos.shaded.io.grpc.internal.ClientCallImpl.access$300(ClientCallImpl.java:71)
	at com.alibaba.nacos.shaded.io.grpc.internal.ClientCallImpl$ClientStreamListenerImpl$1StreamClosed.runInternal(ClientCallImpl.java:735)
	at com.alibaba.nacos.shaded.io.grpc.internal.ClientCallImpl$ClientStreamListenerImpl$1StreamClosed.runInContext(ClientCallImpl.java:716)
	at com.alibaba.nacos.shaded.io.grpc.internal.ContextRunnable.run(ContextRunnable.java:37)
	at com.alibaba.nacos.shaded.io.grpc.internal.SerializingExecutor.run(SerializingExecutor.java:133)
	... 3 common frames omitted
Caused by: com.alibaba.nacos.shaded.io.grpc.netty.shaded.io.netty.channel.AbstractChannel$AnnotatedConnectException: Connection refused: no further information: /127.0.0.1:9848
Caused by: java.net.ConnectException: Connection refused: no further information
	at java.base/sun.nio.ch.Net.pollConnect(Native Method)
	at java.base/sun.nio.ch.Net.pollConnectNow(Net.java:672)
	at java.base/sun.nio.ch.SocketChannelImpl.finishConnect(SocketChannelImpl.java:946)
	at com.alibaba.nacos.shaded.io.grpc.netty.shaded.io.netty.channel.socket.nio.NioSocketChannel.doFinishConnect(NioSocketChannel.java:337)
	at com.alibaba.nacos.shaded.io.grpc.netty.shaded.io.netty.channel.nio.AbstractNioChannel$AbstractNioUnsafe.finishConnect(AbstractNioChannel.java:334)
	at com.alibaba.nacos.shaded.io.grpc.netty.shaded.io.netty.channel.nio.NioEventLoop.processSelectedKey(NioEventLoop.java:776)
	at com.alibaba.nacos.shaded.io.grpc.netty.shaded.io.netty.channel.nio.NioEventLoop.processSelectedKeysOptimized(NioEventLoop.java:724)
	at com.alibaba.nacos.shaded.io.grpc.netty.shaded.io.netty.channel.nio.NioEventLoop.processSelectedKeys(NioEventLoop.java:650)
	at com.alibaba.nacos.shaded.io.grpc.netty.shaded.io.netty.channel.nio.NioEventLoop.run(NioEventLoop.java:562)
	at com.alibaba.nacos.shaded.io.grpc.netty.shaded.io.netty.util.concurrent.SingleThreadEventExecutor$4.run(SingleThreadEventExecutor.java:997)
	at com.alibaba.nacos.shaded.io.grpc.netty.shaded.io.netty.util.internal.ThreadExecutorMap$2.run(ThreadExecutorMap.java:74)
	at com.alibaba.nacos.shaded.io.grpc.netty.shaded.io.netty.util.concurrent.FastThreadLocalRunnable.run(FastThreadLocalRunnable.java:30)
	at java.base/java.lang.Thread.run(Thread.java:833)
2026-01-04 23:47:03 [main] INFO  c.a.nacos.client.config.impl.Limiter - limitTime:5.0
2026-01-04 23:47:03 [com.alibaba.nacos.client.remote.worker.1] INFO  c.a.n.c.r.client.grpc.GrpcClient - grpc client connection server:127.0.0.1 ip,serverPort:9848,grpcTslConfig:{"sslProvider":"","enableTls":false,"mutualAuthEnable":false,"trustAll":false}
2026-01-04 23:47:03 [com.alibaba.nacos.client.remote.worker.1] ERROR c.a.n.c.r.client.grpc.GrpcClient - Server check fail, please check server 127.0.0.1 ,port 9848 is available , error ={}
java.util.concurrent.ExecutionException: com.alibaba.nacos.shaded.io.grpc.StatusRuntimeException: UNAVAILABLE: io exception
	at com.alibaba.nacos.shaded.com.google.common.util.concurrent.AbstractFuture.getDoneValue(AbstractFuture.java:592)
	at com.alibaba.nacos.shaded.com.google.common.util.concurrent.AbstractFuture.get(AbstractFuture.java:467)
	at com.alibaba.nacos.common.remote.client.grpc.GrpcClient.serverCheck(GrpcClient.java:243)
	at com.alibaba.nacos.common.remote.client.grpc.GrpcClient.connectToServer(GrpcClient.java:367)
	at com.alibaba.nacos.common.remote.client.RpcClient.reconnect(RpcClient.java:502)
	at com.alibaba.nacos.common.remote.client.RpcClient.lambda$start$1(RpcClient.java:329)
	at java.base/java.util.concurrent.Executors$RunnableAdapter.call(Executors.java:539)
	at java.base/java.util.concurrent.FutureTask.run(FutureTask.java:264)
	at java.base/java.util.concurrent.ScheduledThreadPoolExecutor$ScheduledFutureTask.run(ScheduledThreadPoolExecutor.java:304)
	at java.base/java.util.concurrent.ThreadPoolExecutor.runWorker(ThreadPoolExecutor.java:1136)
	at java.base/java.util.concurrent.ThreadPoolExecutor$Worker.run(ThreadPoolExecutor.java:635)
	at java.base/java.lang.Thread.run(Thread.java:833)
Caused by: com.alibaba.nacos.shaded.io.grpc.StatusRuntimeException: UNAVAILABLE: io exception
	at com.alibaba.nacos.shaded.io.grpc.Status.asRuntimeException(Status.java:537)
	at com.alibaba.nacos.shaded.io.grpc.stub.ClientCalls$UnaryStreamToFuture.onClose(ClientCalls.java:548)
	at com.alibaba.nacos.shaded.io.grpc.internal.DelayedClientCall$DelayedListener$3.run(DelayedClientCall.java:489)
	at com.alibaba.nacos.shaded.io.grpc.internal.DelayedClientCall$DelayedListener.delayOrExecute(DelayedClientCall.java:453)
	at com.alibaba.nacos.shaded.io.grpc.internal.DelayedClientCall$DelayedListener.onClose(DelayedClientCall.java:486)
	at com.alibaba.nacos.shaded.io.grpc.internal.ClientCallImpl.closeObserver(ClientCallImpl.java:567)
	at com.alibaba.nacos.shaded.io.grpc.internal.ClientCallImpl.access$300(ClientCallImpl.java:71)
	at com.alibaba.nacos.shaded.io.grpc.internal.ClientCallImpl$ClientStreamListenerImpl$1StreamClosed.runInternal(ClientCallImpl.java:735)
	at com.alibaba.nacos.shaded.io.grpc.internal.ClientCallImpl$ClientStreamListenerImpl$1StreamClosed.runInContext(ClientCallImpl.java:716)
	at com.alibaba.nacos.shaded.io.grpc.internal.ContextRunnable.run(ContextRunnable.java:37)
	at com.alibaba.nacos.shaded.io.grpc.internal.SerializingExecutor.run(SerializingExecutor.java:133)
	... 3 common frames omitted
Caused by: com.alibaba.nacos.shaded.io.grpc.netty.shaded.io.netty.channel.AbstractChannel$AnnotatedConnectException: Connection refused: no further information: /127.0.0.1:9848
Caused by: java.net.ConnectException: Connection refused: no further information
	at java.base/sun.nio.ch.Net.pollConnect(Native Method)
	at java.base/sun.nio.ch.Net.pollConnectNow(Net.java:672)
	at java.base/sun.nio.ch.SocketChannelImpl.finishConnect(SocketChannelImpl.java:946)
	at com.alibaba.nacos.shaded.io.grpc.netty.shaded.io.netty.channel.socket.nio.NioSocketChannel.doFinishConnect(NioSocketChannel.java:337)
	at com.alibaba.nacos.shaded.io.grpc.netty.shaded.io.netty.channel.nio.AbstractNioChannel$AbstractNioUnsafe.finishConnect(AbstractNioChannel.java:334)
	at com.alibaba.nacos.shaded.io.grpc.netty.shaded.io.netty.channel.nio.NioEventLoop.processSelectedKey(NioEventLoop.java:776)
	at com.alibaba.nacos.shaded.io.grpc.netty.shaded.io.netty.channel.nio.NioEventLoop.processSelectedKeysOptimized(NioEventLoop.java:724)
	at com.alibaba.nacos.shaded.io.grpc.netty.shaded.io.netty.channel.nio.NioEventLoop.processSelectedKeys(NioEventLoop.java:650)
	at com.alibaba.nacos.shaded.io.grpc.netty.shaded.io.netty.channel.nio.NioEventLoop.run(NioEventLoop.java:562)
	at com.alibaba.nacos.shaded.io.grpc.netty.shaded.io.netty.util.concurrent.SingleThreadEventExecutor$4.run(SingleThreadEventExecutor.java:997)
	at com.alibaba.nacos.shaded.io.grpc.netty.shaded.io.netty.util.internal.ThreadExecutorMap$2.run(ThreadExecutorMap.java:74)
	at com.alibaba.nacos.shaded.io.grpc.netty.shaded.io.netty.util.concurrent.FastThreadLocalRunnable.run(FastThreadLocalRunnable.java:30)
	at java.base/java.lang.Thread.run(Thread.java:833)
2026-01-04 23:47:03 [com.alibaba.nacos.client.remote.worker.1] INFO  c.alibaba.nacos.common.remote.client - [7aa9ee78-6112-496c-8079-228f011b926f_config-0] Fail to connect server, after trying 1 times, last try server is {serverIp = '127.0.0.1', server main port = 8848}, error = unknown
2026-01-04 23:47:03 [main] ERROR c.alibaba.nacos.common.remote.client - Send request fail, request = ConfigQueryRequest{headers={charset=UTF-8, Client-AppName=unknown, Client-RequestToken=92e1a8cc183b02915886ee7e12d8aa9e, Client-RequestTS=1767541623418, exConfigInfo=true, notify=false}, requestId='null'}, retryTimes = 0, errorMessage = Client not connected, current status:STARTING
2026-01-04 23:47:03 [main] ERROR c.alibaba.nacos.common.remote.client - Send request fail, request = ConfigQueryRequest{headers={charset=UTF-8, Client-AppName=unknown, Client-RequestToken=92e1a8cc183b02915886ee7e12d8aa9e, Client-RequestTS=1767541623418, exConfigInfo=true, notify=false}, requestId='null'}, retryTimes = 1, errorMessage = Client not connected, current status:STARTING
2026-01-04 23:47:03 [com.alibaba.nacos.client.remote.worker.1] INFO  c.a.n.c.r.client.grpc.GrpcClient - grpc client connection server:127.0.0.1 ip,serverPort:9848,grpcTslConfig:{"sslProvider":"","enableTls":false,"mutualAuthEnable":false,"trustAll":false}
2026-01-04 23:47:03 [com.alibaba.nacos.client.remote.worker.1] ERROR c.a.n.c.r.client.grpc.GrpcClient - Server check fail, please check server 127.0.0.1 ,port 9848 is available , error ={}
java.util.concurrent.ExecutionException: com.alibaba.nacos.shaded.io.grpc.StatusRuntimeException: UNAVAILABLE: io exception
	at com.alibaba.nacos.shaded.com.google.common.util.concurrent.AbstractFuture.getDoneValue(AbstractFuture.java:592)
	at com.alibaba.nacos.shaded.com.google.common.util.concurrent.AbstractFuture.get(AbstractFuture.java:467)
	at com.alibaba.nacos.common.remote.client.grpc.GrpcClient.serverCheck(GrpcClient.java:243)
	at com.alibaba.nacos.common.remote.client.grpc.GrpcClient.connectToServer(GrpcClient.java:367)
	at com.alibaba.nacos.common.remote.client.RpcClient.reconnect(RpcClient.java:502)
	at com.alibaba.nacos.common.remote.client.RpcClient.lambda$start$1(RpcClient.java:329)
	at java.base/java.util.concurrent.Executors$RunnableAdapter.call(Executors.java:539)
	at java.base/java.util.concurrent.FutureTask.run(FutureTask.java:264)
	at java.base/java.util.concurrent.ScheduledThreadPoolExecutor$ScheduledFutureTask.run(ScheduledThreadPoolExecutor.java:304)
	at java.base/java.util.concurrent.ThreadPoolExecutor.runWorker(ThreadPoolExecutor.java:1136)
	at java.base/java.util.concurrent.ThreadPoolExecutor$Worker.run(ThreadPoolExecutor.java:635)
	at java.base/java.lang.Thread.run(Thread.java:833)
Caused by: com.alibaba.nacos.shaded.io.grpc.StatusRuntimeException: UNAVAILABLE: io exception
	at com.alibaba.nacos.shaded.io.grpc.Status.asRuntimeException(Status.java:537)
	at com.alibaba.nacos.shaded.io.grpc.stub.ClientCalls$UnaryStreamToFuture.onClose(ClientCalls.java:548)
	at com.alibaba.nacos.shaded.io.grpc.internal.DelayedClientCall$DelayedListener$3.run(DelayedClientCall.java:489)
	at com.alibaba.nacos.shaded.io.grpc.internal.DelayedClientCall$DelayedListener.delayOrExecute(DelayedClientCall.java:453)
	at com.alibaba.nacos.shaded.io.grpc.internal.DelayedClientCall$DelayedListener.onClose(DelayedClientCall.java:486)
	at com.alibaba.nacos.shaded.io.grpc.internal.ClientCallImpl.closeObserver(ClientCallImpl.java:567)
	at com.alibaba.nacos.shaded.io.grpc.internal.ClientCallImpl.access$300(ClientCallImpl.java:71)
	at com.alibaba.nacos.shaded.io.grpc.internal.ClientCallImpl$ClientStreamListenerImpl$1StreamClosed.runInternal(ClientCallImpl.java:735)
	at com.alibaba.nacos.shaded.io.grpc.internal.ClientCallImpl$ClientStreamListenerImpl$1StreamClosed.runInContext(ClientCallImpl.java:716)
	at com.alibaba.nacos.shaded.io.grpc.internal.ContextRunnable.run(ContextRunnable.java:37)
	at com.alibaba.nacos.shaded.io.grpc.internal.SerializingExecutor.run(SerializingExecutor.java:133)
	... 3 common frames omitted
Caused by: com.alibaba.nacos.shaded.io.grpc.netty.shaded.io.netty.channel.AbstractChannel$AnnotatedConnectException: Connection refused: no further information: /127.0.0.1:9848
Caused by: java.net.ConnectException: Connection refused: no further information
	at java.base/sun.nio.ch.Net.pollConnect(Native Method)
	at java.base/sun.nio.ch.Net.pollConnectNow(Net.java:672)
	at java.base/sun.nio.ch.SocketChannelImpl.finishConnect(SocketChannelImpl.java:946)
	at com.alibaba.nacos.shaded.io.grpc.netty.shaded.io.netty.channel.socket.nio.NioSocketChannel.doFinishConnect(NioSocketChannel.java:337)
	at com.alibaba.nacos.shaded.io.grpc.netty.shaded.io.netty.channel.nio.AbstractNioChannel$AbstractNioUnsafe.finishConnect(AbstractNioChannel.java:334)
	at com.alibaba.nacos.shaded.io.grpc.netty.shaded.io.netty.channel.nio.NioEventLoop.processSelectedKey(NioEventLoop.java:776)
	at com.alibaba.nacos.shaded.io.grpc.netty.shaded.io.netty.channel.nio.NioEventLoop.processSelectedKeysOptimized(NioEventLoop.java:724)
	at com.alibaba.nacos.shaded.io.grpc.netty.shaded.io.netty.channel.nio.NioEventLoop.processSelectedKeys(NioEventLoop.java:650)
	at com.alibaba.nacos.shaded.io.grpc.netty.shaded.io.netty.channel.nio.NioEventLoop.run(NioEventLoop.java:562)
	at com.alibaba.nacos.shaded.io.grpc.netty.shaded.io.netty.util.concurrent.SingleThreadEventExecutor$4.run(SingleThreadEventExecutor.java:997)
	at com.alibaba.nacos.shaded.io.grpc.netty.shaded.io.netty.util.internal.ThreadExecutorMap$2.run(ThreadExecutorMap.java:74)
	at com.alibaba.nacos.shaded.io.grpc.netty.shaded.io.netty.util.concurrent.FastThreadLocalRunnable.run(FastThreadLocalRunnable.java:30)
	at java.base/java.lang.Thread.run(Thread.java:833)
2026-01-04 23:47:03 [com.alibaba.nacos.client.remote.worker.1] INFO  c.alibaba.nacos.common.remote.client - [7aa9ee78-6112-496c-8079-228f011b926f_config-0] Fail to connect server, after trying 2 times, last try server is {serverIp = '127.0.0.1', server main port = 8848}, error = unknown
2026-01-04 23:47:03 [main] ERROR c.alibaba.nacos.common.remote.client - Send request fail, request = ConfigQueryRequest{headers={charset=UTF-8, Client-AppName=unknown, Client-RequestToken=92e1a8cc183b02915886ee7e12d8aa9e, Client-RequestTS=1767541623418, exConfigInfo=true, notify=false}, requestId='null'}, retryTimes = 2, errorMessage = Client not connected, current status:STARTING
2026-01-04 23:47:03 [main] ERROR c.alibaba.nacos.common.remote.client - Send request fail, request = ConfigQueryRequest{headers={charset=UTF-8, Client-AppName=unknown, Client-RequestToken=92e1a8cc183b02915886ee7e12d8aa9e, Client-RequestTS=1767541623418, exConfigInfo=true, notify=false}, requestId='null'}, retryTimes = 3, errorMessage = Client not connected, current status:STARTING
2026-01-04 23:47:03 [main] WARN  c.a.n.c.config.NacosConfigService - [fixed-127.0.0.1_8848] [get-config] get from server error, dataId=recognition, group=DEFAULT_GROUP, tenant=, msg=ErrCode:-401, ErrMsg:Client not connected, current status:STARTING
2026-01-04 23:47:03 [main] WARN  c.a.c.n.c.NacosPropertySourceBuilder - Ignore the empty nacos configuration and get it based on dataId[recognition] & group[DEFAULT_GROUP]
2026-01-04 23:47:04 [main] ERROR c.alibaba.nacos.common.remote.client - Send request fail, request = ConfigQueryRequest{headers={charset=UTF-8, Client-AppName=unknown, Client-RequestToken=5a88f106815d75bd1ae39fb668415afa, Client-RequestTS=1767541623917, exConfigInfo=true, notify=false}, requestId='null'}, retryTimes = 0, errorMessage = Client not connected, current status:STARTING
2026-01-04 23:47:04 [com.alibaba.nacos.client.remote.worker.1] INFO  c.a.n.c.r.client.grpc.GrpcClient - grpc client connection server:127.0.0.1 ip,serverPort:9848,grpcTslConfig:{"sslProvider":"","enableTls":false,"mutualAuthEnable":false,"trustAll":false}
2026-01-04 23:47:04 [com.alibaba.nacos.client.remote.worker.1] ERROR c.a.n.c.r.client.grpc.GrpcClient - Server check fail, please check server 127.0.0.1 ,port 9848 is available , error ={}
java.util.concurrent.ExecutionException: com.alibaba.nacos.shaded.io.grpc.StatusRuntimeException: UNAVAILABLE: io exception
	at com.alibaba.nacos.shaded.com.google.common.util.concurrent.AbstractFuture.getDoneValue(AbstractFuture.java:592)
	at com.alibaba.nacos.shaded.com.google.common.util.concurrent.AbstractFuture.get(AbstractFuture.java:467)
	at com.alibaba.nacos.common.remote.client.grpc.GrpcClient.serverCheck(GrpcClient.java:243)
	at com.alibaba.nacos.common.remote.client.grpc.GrpcClient.connectToServer(GrpcClient.java:367)
	at com.alibaba.nacos.common.remote.client.RpcClient.reconnect(RpcClient.java:502)
	at com.alibaba.nacos.common.remote.client.RpcClient.lambda$start$1(RpcClient.java:329)
	at java.base/java.util.concurrent.Executors$RunnableAdapter.call(Executors.java:539)
	at java.base/java.util.concurrent.FutureTask.run(FutureTask.java:264)
	at java.base/java.util.concurrent.ScheduledThreadPoolExecutor$ScheduledFutureTask.run(ScheduledThreadPoolExecutor.java:304)
	at java.base/java.util.concurrent.ThreadPoolExecutor.runWorker(ThreadPoolExecutor.java:1136)
	at java.base/java.util.concurrent.ThreadPoolExecutor$Worker.run(ThreadPoolExecutor.java:635)
	at java.base/java.lang.Thread.run(Thread.java:833)
Caused by: com.alibaba.nacos.shaded.io.grpc.StatusRuntimeException: UNAVAILABLE: io exception
	at com.alibaba.nacos.shaded.io.grpc.Status.asRuntimeException(Status.java:537)
	at com.alibaba.nacos.shaded.io.grpc.stub.ClientCalls$UnaryStreamToFuture.onClose(ClientCalls.java:548)
	at com.alibaba.nacos.shaded.io.grpc.internal.DelayedClientCall$DelayedListener$3.run(DelayedClientCall.java:489)
	at com.alibaba.nacos.shaded.io.grpc.internal.DelayedClientCall$DelayedListener.delayOrExecute(DelayedClientCall.java:453)
	at com.alibaba.nacos.shaded.io.grpc.internal.DelayedClientCall$DelayedListener.onClose(DelayedClientCall.java:486)
	at com.alibaba.nacos.shaded.io.grpc.internal.ClientCallImpl.closeObserver(ClientCallImpl.java:567)
	at com.alibaba.nacos.shaded.io.grpc.internal.ClientCallImpl.access$300(ClientCallImpl.java:71)
	at com.alibaba.nacos.shaded.io.grpc.internal.ClientCallImpl$ClientStreamListenerImpl$1StreamClosed.runInternal(ClientCallImpl.java:735)
	at com.alibaba.nacos.shaded.io.grpc.internal.ClientCallImpl$ClientStreamListenerImpl$1StreamClosed.runInContext(ClientCallImpl.java:716)
	at com.alibaba.nacos.shaded.io.grpc.internal.ContextRunnable.run(ContextRunnable.java:37)
	at com.alibaba.nacos.shaded.io.grpc.internal.SerializingExecutor.run(SerializingExecutor.java:133)
	... 3 common frames omitted
Caused by: com.alibaba.nacos.shaded.io.grpc.netty.shaded.io.netty.channel.AbstractChannel$AnnotatedConnectException: Connection refused: no further information: /127.0.0.1:9848
Caused by: java.net.ConnectException: Connection refused: no further information
	at java.base/sun.nio.ch.Net.pollConnect(Native Method)
	at java.base/sun.nio.ch.Net.pollConnectNow(Net.java:672)
	at java.base/sun.nio.ch.SocketChannelImpl.finishConnect(SocketChannelImpl.java:946)
	at com.alibaba.nacos.shaded.io.grpc.netty.shaded.io.netty.channel.socket.nio.NioSocketChannel.doFinishConnect(NioSocketChannel.java:337)
	at com.alibaba.nacos.shaded.io.grpc.netty.shaded.io.netty.channel.nio.AbstractNioChannel$AbstractNioUnsafe.finishConnect(AbstractNioChannel.java:334)
	at com.alibaba.nacos.shaded.io.grpc.netty.shaded.io.netty.channel.nio.NioEventLoop.processSelectedKey(NioEventLoop.java:776)
	at com.alibaba.nacos.shaded.io.grpc.netty.shaded.io.netty.channel.nio.NioEventLoop.processSelectedKeysOptimized(NioEventLoop.java:724)
	at com.alibaba.nacos.shaded.io.grpc.netty.shaded.io.netty.channel.nio.NioEventLoop.processSelectedKeys(NioEventLoop.java:650)
	at com.alibaba.nacos.shaded.io.grpc.netty.shaded.io.netty.channel.nio.NioEventLoop.run(NioEventLoop.java:562)
	at com.alibaba.nacos.shaded.io.grpc.netty.shaded.io.netty.util.concurrent.SingleThreadEventExecutor$4.run(SingleThreadEventExecutor.java:997)
	at com.alibaba.nacos.shaded.io.grpc.netty.shaded.io.netty.util.internal.ThreadExecutorMap$2.run(ThreadExecutorMap.java:74)
	at com.alibaba.nacos.shaded.io.grpc.netty.shaded.io.netty.util.concurrent.FastThreadLocalRunnable.run(FastThreadLocalRunnable.java:30)
	at java.base/java.lang.Thread.run(Thread.java:833)
2026-01-04 23:47:04 [com.alibaba.nacos.client.remote.worker.1] INFO  c.alibaba.nacos.common.remote.client - [7aa9ee78-6112-496c-8079-228f011b926f_config-0] Fail to connect server, after trying 3 times, last try server is {serverIp = '127.0.0.1', server main port = 8848}, error = unknown
2026-01-04 23:47:04 [main] ERROR c.alibaba.nacos.common.remote.client - Send request fail, request = ConfigQueryRequest{headers={charset=UTF-8, Client-AppName=unknown, Client-RequestToken=5a88f106815d75bd1ae39fb668415afa, Client-RequestTS=1767541623917, exConfigInfo=true, notify=false}, requestId='null'}, retryTimes = 1, errorMessage = Client not connected, current status:STARTING
2026-01-04 23:47:04 [main] ERROR c.alibaba.nacos.common.remote.client - Send request fail, request = ConfigQueryRequest{headers={charset=UTF-8, Client-AppName=unknown, Client-RequestToken=5a88f106815d75bd1ae39fb668415afa, Client-RequestTS=1767541623917, exConfigInfo=true, notify=false}, requestId='null'}, retryTimes = 2, errorMessage = Client not connected, current status:STARTING
2026-01-04 23:47:04 [main] ERROR c.alibaba.nacos.common.remote.client - Send request fail, request = ConfigQueryRequest{headers={charset=UTF-8, Client-AppName=unknown, Client-RequestToken=5a88f106815d75bd1ae39fb668415afa, Client-RequestTS=1767541623917, exConfigInfo=true, notify=false}, requestId='null'}, retryTimes = 3, errorMessage = Client not connected, current status:STARTING
2026-01-04 23:47:04 [main] WARN  c.a.n.c.config.NacosConfigService - [fixed-127.0.0.1_8848] [get-config] get from server error, dataId=recognition.properties, group=DEFAULT_GROUP, tenant=, msg=ErrCode:-401, ErrMsg:Client not connected, current status:STARTING
2026-01-04 23:47:04 [main] WARN  c.a.c.n.c.NacosPropertySourceBuilder - Ignore the empty nacos configuration and get it based on dataId[recognition.properties] & group[DEFAULT_GROUP]
2026-01-04 23:47:04 [main] INFO  o.s.c.b.c.PropertySourceBootstrapConfiguration - Located property source: [BootstrapPropertySource {name='bootstrapProperties-recognition.properties,DEFAULT_GROUP'}, BootstrapPropertySource {name='bootstrapProperties-recognition,DEFAULT_GROUP'}]
2026-01-04 23:47:04 [main] INFO  c.h.r.RecognitionApplication - No active profile set, falling back to 1 default profile: "default"
2026-01-04 23:47:04 [com.alibaba.nacos.client.remote.worker.1] INFO  c.a.n.c.r.client.grpc.GrpcClient - grpc client connection server:127.0.0.1 ip,serverPort:9848,grpcTslConfig:{"sslProvider":"","enableTls":false,"mutualAuthEnable":false,"trustAll":false}
2026-01-04 23:47:04 [com.alibaba.nacos.client.remote.worker.1] ERROR c.a.n.c.r.client.grpc.GrpcClient - Server check fail, please check server 127.0.0.1 ,port 9848 is available , error ={}
java.util.concurrent.ExecutionException: com.alibaba.nacos.shaded.io.grpc.StatusRuntimeException: UNAVAILABLE: io exception
	at com.alibaba.nacos.shaded.com.google.common.util.concurrent.AbstractFuture.getDoneValue(AbstractFuture.java:592)
	at com.alibaba.nacos.shaded.com.google.common.util.concurrent.AbstractFuture.get(AbstractFuture.java:467)
	at com.alibaba.nacos.common.remote.client.grpc.GrpcClient.serverCheck(GrpcClient.java:243)
	at com.alibaba.nacos.common.remote.client.grpc.GrpcClient.connectToServer(GrpcClient.java:367)
	at com.alibaba.nacos.common.remote.client.RpcClient.reconnect(RpcClient.java:502)
	at com.alibaba.nacos.common.remote.client.RpcClient.lambda$start$1(RpcClient.java:329)
	at java.base/java.util.concurrent.Executors$RunnableAdapter.call(Executors.java:539)
	at java.base/java.util.concurrent.FutureTask.run(FutureTask.java:264)
	at java.base/java.util.concurrent.ScheduledThreadPoolExecutor$ScheduledFutureTask.run(ScheduledThreadPoolExecutor.java:304)
	at java.base/java.util.concurrent.ThreadPoolExecutor.runWorker(ThreadPoolExecutor.java:1136)
	at java.base/java.util.concurrent.ThreadPoolExecutor$Worker.run(ThreadPoolExecutor.java:635)
	at java.base/java.lang.Thread.run(Thread.java:833)
Caused by: com.alibaba.nacos.shaded.io.grpc.StatusRuntimeException: UNAVAILABLE: io exception
	at com.alibaba.nacos.shaded.io.grpc.Status.asRuntimeException(Status.java:537)
	at com.alibaba.nacos.shaded.io.grpc.stub.ClientCalls$UnaryStreamToFuture.onClose(ClientCalls.java:548)
	at com.alibaba.nacos.shaded.io.grpc.internal.DelayedClientCall$DelayedListener$3.run(DelayedClientCall.java:489)
	at com.alibaba.nacos.shaded.io.grpc.internal.DelayedClientCall$DelayedListener.delayOrExecute(DelayedClientCall.java:453)
	at com.alibaba.nacos.shaded.io.grpc.internal.DelayedClientCall$DelayedListener.onClose(DelayedClientCall.java:486)
	at com.alibaba.nacos.shaded.io.grpc.internal.ClientCallImpl.closeObserver(ClientCallImpl.java:567)
	at com.alibaba.nacos.shaded.io.grpc.internal.ClientCallImpl.access$300(ClientCallImpl.java:71)
	at com.alibaba.nacos.shaded.io.grpc.internal.ClientCallImpl$ClientStreamListenerImpl$1StreamClosed.runInternal(ClientCallImpl.java:735)
	at com.alibaba.nacos.shaded.io.grpc.internal.ClientCallImpl$ClientStreamListenerImpl$1StreamClosed.runInContext(ClientCallImpl.java:716)
	at com.alibaba.nacos.shaded.io.grpc.internal.ContextRunnable.run(ContextRunnable.java:37)
	at com.alibaba.nacos.shaded.io.grpc.internal.SerializingExecutor.run(SerializingExecutor.java:133)
	... 3 common frames omitted
Caused by: com.alibaba.nacos.shaded.io.grpc.netty.shaded.io.netty.channel.AbstractChannel$AnnotatedConnectException: Connection refused: no further information: /127.0.0.1:9848
Caused by: java.net.ConnectException: Connection refused: no further information
	at java.base/sun.nio.ch.Net.pollConnect(Native Method)
	at java.base/sun.nio.ch.Net.pollConnectNow(Net.java:672)
	at java.base/sun.nio.ch.SocketChannelImpl.finishConnect(SocketChannelImpl.java:946)
	at com.alibaba.nacos.shaded.io.grpc.netty.shaded.io.netty.channel.socket.nio.NioSocketChannel.doFinishConnect(NioSocketChannel.java:337)
	at com.alibaba.nacos.shaded.io.grpc.netty.shaded.io.netty.channel.nio.AbstractNioChannel$AbstractNioUnsafe.finishConnect(AbstractNioChannel.java:334)
	at com.alibaba.nacos.shaded.io.grpc.netty.shaded.io.netty.channel.nio.NioEventLoop.processSelectedKey(NioEventLoop.java:776)
	at com.alibaba.nacos.shaded.io.grpc.netty.shaded.io.netty.channel.nio.NioEventLoop.processSelectedKeysOptimized(NioEventLoop.java:724)
	at com.alibaba.nacos.shaded.io.grpc.netty.shaded.io.netty.channel.nio.NioEventLoop.processSelectedKeys(NioEventLoop.java:650)
	at com.alibaba.nacos.shaded.io.grpc.netty.shaded.io.netty.channel.nio.NioEventLoop.run(NioEventLoop.java:562)
	at com.alibaba.nacos.shaded.io.grpc.netty.shaded.io.netty.util.concurrent.SingleThreadEventExecutor$4.run(SingleThreadEventExecutor.java:997)
	at com.alibaba.nacos.shaded.io.grpc.netty.shaded.io.netty.util.internal.ThreadExecutorMap$2.run(ThreadExecutorMap.java:74)
	at com.alibaba.nacos.shaded.io.grpc.netty.shaded.io.netty.util.concurrent.FastThreadLocalRunnable.run(FastThreadLocalRunnable.java:30)
	at java.base/java.lang.Thread.run(Thread.java:833)
2026-01-04 23:47:04 [com.alibaba.nacos.client.remote.worker.1] INFO  c.alibaba.nacos.common.remote.client - [7aa9ee78-6112-496c-8079-228f011b926f_config-0] Fail to connect server, after trying 4 times, last try server is {serverIp = '127.0.0.1', server main port = 8848}, error = unknown
2026-01-04 23:47:04 [com.alibaba.nacos.client.remote.worker.1] INFO  c.a.n.c.r.client.grpc.GrpcClient - grpc client connection server:127.0.0.1 ip,serverPort:9848,grpcTslConfig:{"sslProvider":"","enableTls":false,"mutualAuthEnable":false,"trustAll":false}
2026-01-04 23:47:04 [com.alibaba.nacos.client.remote.worker.1] ERROR c.a.n.c.r.client.grpc.GrpcClient - Server check fail, please check server 127.0.0.1 ,port 9848 is available , error ={}
java.util.concurrent.ExecutionException: com.alibaba.nacos.shaded.io.grpc.StatusRuntimeException: UNAVAILABLE: io exception
	at com.alibaba.nacos.shaded.com.google.common.util.concurrent.AbstractFuture.getDoneValue(AbstractFuture.java:592)
	at com.alibaba.nacos.shaded.com.google.common.util.concurrent.AbstractFuture.get(AbstractFuture.java:467)
	at com.alibaba.nacos.common.remote.client.grpc.GrpcClient.serverCheck(GrpcClient.java:243)
	at com.alibaba.nacos.common.remote.client.grpc.GrpcClient.connectToServer(GrpcClient.java:367)
	at com.alibaba.nacos.common.remote.client.RpcClient.reconnect(RpcClient.java:502)
	at com.alibaba.nacos.common.remote.client.RpcClient.lambda$start$1(RpcClient.java:329)
	at java.base/java.util.concurrent.Executors$RunnableAdapter.call(Executors.java:539)
	at java.base/java.util.concurrent.FutureTask.run(FutureTask.java:264)
	at java.base/java.util.concurrent.ScheduledThreadPoolExecutor$ScheduledFutureTask.run(ScheduledThreadPoolExecutor.java:304)
	at java.base/java.util.concurrent.ThreadPoolExecutor.runWorker(ThreadPoolExecutor.java:1136)
	at java.base/java.util.concurrent.ThreadPoolExecutor$Worker.run(ThreadPoolExecutor.java:635)
	at java.base/java.lang.Thread.run(Thread.java:833)
Caused by: com.alibaba.nacos.shaded.io.grpc.StatusRuntimeException: UNAVAILABLE: io exception
	at com.alibaba.nacos.shaded.io.grpc.Status.asRuntimeException(Status.java:537)
	at com.alibaba.nacos.shaded.io.grpc.stub.ClientCalls$UnaryStreamToFuture.onClose(ClientCalls.java:548)
	at com.alibaba.nacos.shaded.io.grpc.internal.DelayedClientCall$DelayedListener$3.run(DelayedClientCall.java:489)
	at com.alibaba.nacos.shaded.io.grpc.internal.DelayedClientCall$DelayedListener.delayOrExecute(DelayedClientCall.java:453)
	at com.alibaba.nacos.shaded.io.grpc.internal.DelayedClientCall$DelayedListener.onClose(DelayedClientCall.java:486)
	at com.alibaba.nacos.shaded.io.grpc.internal.ClientCallImpl.closeObserver(ClientCallImpl.java:567)
	at com.alibaba.nacos.shaded.io.grpc.internal.ClientCallImpl.access$300(ClientCallImpl.java:71)
	at com.alibaba.nacos.shaded.io.grpc.internal.ClientCallImpl$ClientStreamListenerImpl$1StreamClosed.runInternal(ClientCallImpl.java:735)
	at com.alibaba.nacos.shaded.io.grpc.internal.ClientCallImpl$ClientStreamListenerImpl$1StreamClosed.runInContext(ClientCallImpl.java:716)
	at com.alibaba.nacos.shaded.io.grpc.internal.ContextRunnable.run(ContextRunnable.java:37)
	at com.alibaba.nacos.shaded.io.grpc.internal.SerializingExecutor.run(SerializingExecutor.java:133)
	... 3 common frames omitted
Caused by: com.alibaba.nacos.shaded.io.grpc.netty.shaded.io.netty.channel.AbstractChannel$AnnotatedConnectException: Connection refused: no further information: /127.0.0.1:9848
Caused by: java.net.ConnectException: Connection refused: no further information
	at java.base/sun.nio.ch.Net.pollConnect(Native Method)
	at java.base/sun.nio.ch.Net.pollConnectNow(Net.java:672)
	at java.base/sun.nio.ch.SocketChannelImpl.finishConnect(SocketChannelImpl.java:946)
	at com.alibaba.nacos.shaded.io.grpc.netty.shaded.io.netty.channel.socket.nio.NioSocketChannel.doFinishConnect(NioSocketChannel.java:337)
	at com.alibaba.nacos.shaded.io.grpc.netty.shaded.io.netty.channel.nio.AbstractNioChannel$AbstractNioUnsafe.finishConnect(AbstractNioChannel.java:334)
	at com.alibaba.nacos.shaded.io.grpc.netty.shaded.io.netty.channel.nio.NioEventLoop.processSelectedKey(NioEventLoop.java:776)
	at com.alibaba.nacos.shaded.io.grpc.netty.shaded.io.netty.channel.nio.NioEventLoop.processSelectedKeysOptimized(NioEventLoop.java:724)
	at com.alibaba.nacos.shaded.io.grpc.netty.shaded.io.netty.channel.nio.NioEventLoop.processSelectedKeys(NioEventLoop.java:650)
	at com.alibaba.nacos.shaded.io.grpc.netty.shaded.io.netty.channel.nio.NioEventLoop.run(NioEventLoop.java:562)
	at com.alibaba.nacos.shaded.io.grpc.netty.shaded.io.netty.util.concurrent.SingleThreadEventExecutor$4.run(SingleThreadEventExecutor.java:997)
	at com.alibaba.nacos.shaded.io.grpc.netty.shaded.io.netty.util.internal.ThreadExecutorMap$2.run(ThreadExecutorMap.java:74)
	at com.alibaba.nacos.shaded.io.grpc.netty.shaded.io.netty.util.concurrent.FastThreadLocalRunnable.run(FastThreadLocalRunnable.java:30)
	at java.base/java.lang.Thread.run(Thread.java:833)
2026-01-04 23:47:04 [com.alibaba.nacos.client.remote.worker.1] INFO  c.alibaba.nacos.common.remote.client - [7aa9ee78-6112-496c-8079-228f011b926f_config-0] Fail to connect server, after trying 5 times, last try server is {serverIp = '127.0.0.1', server main port = 8848}, error = unknown
2026-01-04 23:47:05 [main] WARN  o.s.b.w.s.s.c.AnnotationConfigServletWebServerApplicationContext - Exception encountered during context initialization - cancelling refresh attempt: org.springframework.beans.factory.support.BeanDefinitionOverrideException: Invalid bean definition with name 'baiduMap.FeignClientSpecification' defined in null: Cannot register bean definition [Generic bean: class=org.springframework.cloud.openfeign.FeignClientSpecification; scope=; abstract=false; lazyInit=null; autowireMode=0; dependencyCheck=0; autowireCandidate=true; primary=false; fallback=false; factoryBeanName=null; factoryMethodName=null; initMethodNames=null; destroyMethodNames=null] for bean 'baiduMap.FeignClientSpecification' since there is already [Generic bean: class=org.springframework.cloud.openfeign.FeignClientSpecification; scope=; abstract=false; lazyInit=null; autowireMode=0; dependencyCheck=0; autowireCandidate=true; primary=false; fallback=false; factoryBeanName=null; factoryMethodName=null; initMethodNames=null; destroyMethodNames=null] bound.
2026-01-04 23:47:05 [main] INFO  o.s.b.a.l.ConditionEvaluationReportLogger - 

Error starting ApplicationContext. To display the condition evaluation report re-run your application with 'debug' enabled.
2026-01-04 23:47:05 [main] ERROR o.s.b.d.LoggingFailureAnalysisReporter - 

***************************
APPLICATION FAILED TO START
***************************

Description:

The bean 'baiduMap.FeignClientSpecification' could not be registered. A bean with that name has already been defined and overriding is disabled.

Action:

Consider renaming one of the beans or enabling overriding by setting spring.main.allow-bean-definition-overriding=true

2026-01-04 23:47:05 [Thread-2] WARN  c.a.n.c.http.HttpClientBeanHolder - [HttpClientBeanHolder] Start destroying common HttpClient
2026-01-04 23:47:05 [Thread-5] WARN  c.a.nacos.common.notify.NotifyCenter - [NotifyCenter] Start destroying Publisher
2026-01-04 23:47:05 [Thread-5] WARN  c.a.nacos.common.notify.NotifyCenter - [NotifyCenter] Destruction of the end
2026-01-04 23:47:05 [Thread-2] WARN  c.a.n.c.http.HttpClientBeanHolder - [HttpClientBeanHolder] Destruction of the end
2026-01-04 23:47:40 [main] INFO  c.a.nacos.client.utils.ParamUtil - [settings] [req-serv] nacos-server port:8848
2026-01-04 23:47:40 [main] INFO  c.a.nacos.client.utils.ParamUtil - [settings] [http-client] connect timeout:1000
2026-01-04 23:47:40 [main] INFO  c.a.nacos.client.utils.ParamUtil - PER_TASK_CONFIG_SIZE: 3000.0
2026-01-04 23:47:40 [Thread-1] INFO  c.a.n.c.a.r.i.CredentialWatcher - null No credential found
2026-01-04 23:47:40 [main] INFO  com.alibaba.nacos.common.labels - DefaultLabelsCollectorManager get labels.....
2026-01-04 23:47:40 [main] INFO  com.alibaba.nacos.common.labels - Process LabelsCollector with [name:defaultNacosLabelsCollector]
2026-01-04 23:47:40 [main] INFO  com.alibaba.nacos.common.labels - default nacos collect properties raw labels: null
2026-01-04 23:47:40 [main] INFO  com.alibaba.nacos.common.labels - default nacos collect properties labels: {}
2026-01-04 23:47:40 [main] INFO  com.alibaba.nacos.common.labels - default nacos collect jvm raw labels: null
2026-01-04 23:47:40 [main] INFO  com.alibaba.nacos.common.labels - default nacos collect jvm labels: {}
2026-01-04 23:47:40 [main] INFO  com.alibaba.nacos.common.labels - default nacos collect env raw labels: null
2026-01-04 23:47:40 [main] INFO  com.alibaba.nacos.common.labels - default nacos collect env labels: {}
2026-01-04 23:47:40 [main] INFO  com.alibaba.nacos.common.labels - DefaultLabelsCollectorManager get labels finished,labels :{}
2026-01-04 23:47:40 [main] INFO  c.a.n.p.a.s.c.ClientAuthPluginManager - [ClientAuthPluginManager] Load ClientAuthService com.alibaba.nacos.client.auth.impl.NacosClientAuthServiceImpl success.
2026-01-04 23:47:40 [main] INFO  c.a.n.p.a.s.c.ClientAuthPluginManager - [ClientAuthPluginManager] Load ClientAuthService com.alibaba.nacos.client.auth.ram.RamClientAuthServiceImpl success.
2026-01-04 23:47:40 [main] INFO  c.a.n.c.c.i.LocalConfigInfoProcessor - LOCAL_SNAPSHOT_PATH:C:\Users\24148\nacos\config
2026-01-04 23:47:40 [main] INFO  c.alibaba.nacos.common.remote.client - [RpcClientFactory] create a new rpc client of 7cb09a88-141f-4c35-85a2-86352e4a76fc_config-0
2026-01-04 23:47:40 [main] INFO  c.alibaba.nacos.common.remote.client - [7cb09a88-141f-4c35-85a2-86352e4a76fc_config-0] Register server push request handler:com.alibaba.nacos.client.config.impl.ClientWorker$ConfigRpcTransportClient$$Lambda$694/0x0000000800f7eb48
2026-01-04 23:47:40 [main] INFO  c.alibaba.nacos.common.remote.client - [7cb09a88-141f-4c35-85a2-86352e4a76fc_config-0] Register server push request handler:com.alibaba.nacos.client.config.impl.ClientWorker$ConfigRpcTransportClient$$Lambda$695/0x0000000800f7ef68
2026-01-04 23:47:40 [main] INFO  c.alibaba.nacos.common.remote.client - [7cb09a88-141f-4c35-85a2-86352e4a76fc_config-0] Registry connection listener to current client:com.alibaba.nacos.client.config.impl.ClientWorker$ConfigRpcTransportClient$1
2026-01-04 23:47:40 [main] INFO  c.alibaba.nacos.common.remote.client - [7cb09a88-141f-4c35-85a2-86352e4a76fc_config-0] RpcClient init, ServerListFactory = com.alibaba.nacos.client.config.impl.ClientWorker$ConfigRpcTransportClient$2
2026-01-04 23:47:40 [main] INFO  c.alibaba.nacos.common.remote.client - [7cb09a88-141f-4c35-85a2-86352e4a76fc_config-0] Try to connect to server on start up, server: {serverIp = '127.0.0.1', server main port = 8848}
2026-01-04 23:47:40 [main] INFO  c.a.n.c.r.client.grpc.GrpcClient - grpc client connection server:127.0.0.1 ip,serverPort:9848,grpcTslConfig:{"sslProvider":"","enableTls":false,"mutualAuthEnable":false,"trustAll":false}
2026-01-04 23:47:41 [main] ERROR c.a.n.c.r.client.grpc.GrpcClient - Server check fail, please check server 127.0.0.1 ,port 9848 is available , error ={}
java.util.concurrent.ExecutionException: com.alibaba.nacos.shaded.io.grpc.StatusRuntimeException: UNAVAILABLE: io exception
	at com.alibaba.nacos.shaded.com.google.common.util.concurrent.AbstractFuture.getDoneValue(AbstractFuture.java:592)
	at com.alibaba.nacos.shaded.com.google.common.util.concurrent.AbstractFuture.get(AbstractFuture.java:467)
	at com.alibaba.nacos.common.remote.client.grpc.GrpcClient.serverCheck(GrpcClient.java:243)
	at com.alibaba.nacos.common.remote.client.grpc.GrpcClient.connectToServer(GrpcClient.java:367)
	at com.alibaba.nacos.common.remote.client.RpcClient.start(RpcClient.java:349)
	at com.alibaba.nacos.client.config.impl.ClientWorker$ConfigRpcTransportClient.ensureRpcClient(ClientWorker.java:1100)
	at com.alibaba.nacos.client.config.impl.ClientWorker$ConfigRpcTransportClient.getOneRunningClient(ClientWorker.java:1248)
	at com.alibaba.nacos.client.config.impl.ClientWorker$ConfigRpcTransportClient.queryConfig(ClientWorker.java:1146)
	at com.alibaba.nacos.client.config.impl.ClientWorker.getServerConfig(ClientWorker.java:472)
	at com.alibaba.nacos.client.config.NacosConfigService.getConfigInner(NacosConfigService.java:188)
	at com.alibaba.nacos.client.config.NacosConfigService.getConfig(NacosConfigService.java:99)
	at com.alibaba.cloud.nacos.client.NacosPropertySourceBuilder.loadNacosData(NacosPropertySourceBuilder.java:89)
	at com.alibaba.cloud.nacos.client.NacosPropertySourceBuilder.build(NacosPropertySourceBuilder.java:74)
	at com.alibaba.cloud.nacos.client.NacosPropertySourceLocator.loadNacosPropertySource(NacosPropertySourceLocator.java:199)
	at com.alibaba.cloud.nacos.client.NacosPropertySourceLocator.loadNacosDataIfPresent(NacosPropertySourceLocator.java:186)
	at com.alibaba.cloud.nacos.client.NacosPropertySourceLocator.loadApplicationConfiguration(NacosPropertySourceLocator.java:141)
	at com.alibaba.cloud.nacos.client.NacosPropertySourceLocator.locate(NacosPropertySourceLocator.java:103)
	at org.springframework.cloud.bootstrap.config.PropertySourceLocator.locateCollection(PropertySourceLocator.java:50)
	at org.springframework.cloud.bootstrap.config.PropertySourceLocator.locateCollection(PropertySourceLocator.java:46)
	at org.springframework.cloud.bootstrap.config.PropertySourceBootstrapConfiguration.doInitialize(PropertySourceBootstrapConfiguration.java:120)
	at org.springframework.cloud.bootstrap.config.PropertySourceBootstrapConfiguration.initialize(PropertySourceBootstrapConfiguration.java:110)
	at org.springframework.boot.SpringApplication.applyInitializers(SpringApplication.java:623)
	at org.springframework.boot.SpringApplication.prepareContext(SpringApplication.java:386)
	at org.springframework.boot.SpringApplication.run(SpringApplication.java:320)
	at org.springframework.boot.SpringApplication.run(SpringApplication.java:1365)
	at org.springframework.boot.SpringApplication.run(SpringApplication.java:1354)
	at com.homework.recognition.RecognitionApplication.main(RecognitionApplication.java:17)
Caused by: com.alibaba.nacos.shaded.io.grpc.StatusRuntimeException: UNAVAILABLE: io exception
	at com.alibaba.nacos.shaded.io.grpc.Status.asRuntimeException(Status.java:537)
	at com.alibaba.nacos.shaded.io.grpc.stub.ClientCalls$UnaryStreamToFuture.onClose(ClientCalls.java:548)
	at com.alibaba.nacos.shaded.io.grpc.internal.DelayedClientCall$DelayedListener$3.run(DelayedClientCall.java:489)
	at com.alibaba.nacos.shaded.io.grpc.internal.DelayedClientCall$DelayedListener.delayOrExecute(DelayedClientCall.java:453)
	at com.alibaba.nacos.shaded.io.grpc.internal.DelayedClientCall$DelayedListener.onClose(DelayedClientCall.java:486)
	at com.alibaba.nacos.shaded.io.grpc.internal.ClientCallImpl.closeObserver(ClientCallImpl.java:567)
	at com.alibaba.nacos.shaded.io.grpc.internal.ClientCallImpl.access$300(ClientCallImpl.java:71)
	at com.alibaba.nacos.shaded.io.grpc.internal.ClientCallImpl$ClientStreamListenerImpl$1StreamClosed.runInternal(ClientCallImpl.java:735)
	at com.alibaba.nacos.shaded.io.grpc.internal.ClientCallImpl$ClientStreamListenerImpl$1StreamClosed.runInContext(ClientCallImpl.java:716)
	at com.alibaba.nacos.shaded.io.grpc.internal.ContextRunnable.run(ContextRunnable.java:37)
	at com.alibaba.nacos.shaded.io.grpc.internal.SerializingExecutor.run(SerializingExecutor.java:133)
	at java.base/java.util.concurrent.ThreadPoolExecutor.runWorker(ThreadPoolExecutor.java:1136)
	at java.base/java.util.concurrent.ThreadPoolExecutor$Worker.run(ThreadPoolExecutor.java:635)
	at java.base/java.lang.Thread.run(Thread.java:833)
Caused by: com.alibaba.nacos.shaded.io.grpc.netty.shaded.io.netty.channel.AbstractChannel$AnnotatedConnectException: Connection refused: no further information: /127.0.0.1:9848
Caused by: java.net.ConnectException: Connection refused: no further information
	at java.base/sun.nio.ch.Net.pollConnect(Native Method)
	at java.base/sun.nio.ch.Net.pollConnectNow(Net.java:672)
	at java.base/sun.nio.ch.SocketChannelImpl.finishConnect(SocketChannelImpl.java:946)
	at com.alibaba.nacos.shaded.io.grpc.netty.shaded.io.netty.channel.socket.nio.NioSocketChannel.doFinishConnect(NioSocketChannel.java:337)
	at com.alibaba.nacos.shaded.io.grpc.netty.shaded.io.netty.channel.nio.AbstractNioChannel$AbstractNioUnsafe.finishConnect(AbstractNioChannel.java:334)
	at com.alibaba.nacos.shaded.io.grpc.netty.shaded.io.netty.channel.nio.NioEventLoop.processSelectedKey(NioEventLoop.java:776)
	at com.alibaba.nacos.shaded.io.grpc.netty.shaded.io.netty.channel.nio.NioEventLoop.processSelectedKeysOptimized(NioEventLoop.java:724)
	at com.alibaba.nacos.shaded.io.grpc.netty.shaded.io.netty.channel.nio.NioEventLoop.processSelectedKeys(NioEventLoop.java:650)
	at com.alibaba.nacos.shaded.io.grpc.netty.shaded.io.netty.channel.nio.NioEventLoop.run(NioEventLoop.java:562)
	at com.alibaba.nacos.shaded.io.grpc.netty.shaded.io.netty.util.concurrent.SingleThreadEventExecutor$4.run(SingleThreadEventExecutor.java:997)
	at com.alibaba.nacos.shaded.io.grpc.netty.shaded.io.netty.util.internal.ThreadExecutorMap$2.run(ThreadExecutorMap.java:74)
	at com.alibaba.nacos.shaded.io.grpc.netty.shaded.io.netty.util.concurrent.FastThreadLocalRunnable.run(FastThreadLocalRunnable.java:30)
	at java.base/java.lang.Thread.run(Thread.java:833)
2026-01-04 23:47:41 [main] INFO  c.alibaba.nacos.common.remote.client - [7cb09a88-141f-4c35-85a2-86352e4a76fc_config-0] Try to connect to server on start up, server: {serverIp = '127.0.0.1', server main port = 8848}
2026-01-04 23:47:41 [main] INFO  c.a.n.c.r.client.grpc.GrpcClient - grpc client connection server:127.0.0.1 ip,serverPort:9848,grpcTslConfig:{"sslProvider":"","enableTls":false,"mutualAuthEnable":false,"trustAll":false}
2026-01-04 23:47:41 [main] ERROR c.a.n.c.r.client.grpc.GrpcClient - Server check fail, please check server 127.0.0.1 ,port 9848 is available , error ={}
java.util.concurrent.ExecutionException: com.alibaba.nacos.shaded.io.grpc.StatusRuntimeException: UNAVAILABLE: io exception
	at com.alibaba.nacos.shaded.com.google.common.util.concurrent.AbstractFuture.getDoneValue(AbstractFuture.java:592)
	at com.alibaba.nacos.shaded.com.google.common.util.concurrent.AbstractFuture.get(AbstractFuture.java:467)
	at com.alibaba.nacos.common.remote.client.grpc.GrpcClient.serverCheck(GrpcClient.java:243)
	at com.alibaba.nacos.common.remote.client.grpc.GrpcClient.connectToServer(GrpcClient.java:367)
	at com.alibaba.nacos.common.remote.client.RpcClient.start(RpcClient.java:349)
	at com.alibaba.nacos.client.config.impl.ClientWorker$ConfigRpcTransportClient.ensureRpcClient(ClientWorker.java:1100)
	at com.alibaba.nacos.client.config.impl.ClientWorker$ConfigRpcTransportClient.getOneRunningClient(ClientWorker.java:1248)
	at com.alibaba.nacos.client.config.impl.ClientWorker$ConfigRpcTransportClient.queryConfig(ClientWorker.java:1146)
	at com.alibaba.nacos.client.config.impl.ClientWorker.getServerConfig(ClientWorker.java:472)
	at com.alibaba.nacos.client.config.NacosConfigService.getConfigInner(NacosConfigService.java:188)
	at com.alibaba.nacos.client.config.NacosConfigService.getConfig(NacosConfigService.java:99)
	at com.alibaba.cloud.nacos.client.NacosPropertySourceBuilder.loadNacosData(NacosPropertySourceBuilder.java:89)
	at com.alibaba.cloud.nacos.client.NacosPropertySourceBuilder.build(NacosPropertySourceBuilder.java:74)
	at com.alibaba.cloud.nacos.client.NacosPropertySourceLocator.loadNacosPropertySource(NacosPropertySourceLocator.java:199)
	at com.alibaba.cloud.nacos.client.NacosPropertySourceLocator.loadNacosDataIfPresent(NacosPropertySourceLocator.java:186)
	at com.alibaba.cloud.nacos.client.NacosPropertySourceLocator.loadApplicationConfiguration(NacosPropertySourceLocator.java:141)
	at com.alibaba.cloud.nacos.client.NacosPropertySourceLocator.locate(NacosPropertySourceLocator.java:103)
	at org.springframework.cloud.bootstrap.config.PropertySourceLocator.locateCollection(PropertySourceLocator.java:50)
	at org.springframework.cloud.bootstrap.config.PropertySourceLocator.locateCollection(PropertySourceLocator.java:46)
	at org.springframework.cloud.bootstrap.config.PropertySourceBootstrapConfiguration.doInitialize(PropertySourceBootstrapConfiguration.java:120)
	at org.springframework.cloud.bootstrap.config.PropertySourceBootstrapConfiguration.initialize(PropertySourceBootstrapConfiguration.java:110)
	at org.springframework.boot.SpringApplication.applyInitializers(SpringApplication.java:623)
	at org.springframework.boot.SpringApplication.prepareContext(SpringApplication.java:386)
	at org.springframework.boot.SpringApplication.run(SpringApplication.java:320)
	at org.springframework.boot.SpringApplication.run(SpringApplication.java:1365)
	at org.springframework.boot.SpringApplication.run(SpringApplication.java:1354)
	at com.homework.recognition.RecognitionApplication.main(RecognitionApplication.java:17)
Caused by: com.alibaba.nacos.shaded.io.grpc.StatusRuntimeException: UNAVAILABLE: io exception
	at com.alibaba.nacos.shaded.io.grpc.Status.asRuntimeException(Status.java:537)
	at com.alibaba.nacos.shaded.io.grpc.stub.ClientCalls$UnaryStreamToFuture.onClose(ClientCalls.java:548)
	at com.alibaba.nacos.shaded.io.grpc.internal.DelayedClientCall$DelayedListener$3.run(DelayedClientCall.java:489)
	at com.alibaba.nacos.shaded.io.grpc.internal.DelayedClientCall$DelayedListener.delayOrExecute(DelayedClientCall.java:453)
	at com.alibaba.nacos.shaded.io.grpc.internal.DelayedClientCall$DelayedListener.onClose(DelayedClientCall.java:486)
	at com.alibaba.nacos.shaded.io.grpc.internal.ClientCallImpl.closeObserver(ClientCallImpl.java:567)
	at com.alibaba.nacos.shaded.io.grpc.internal.ClientCallImpl.access$300(ClientCallImpl.java:71)
	at com.alibaba.nacos.shaded.io.grpc.internal.ClientCallImpl$ClientStreamListenerImpl$1StreamClosed.runInternal(ClientCallImpl.java:735)
	at com.alibaba.nacos.shaded.io.grpc.internal.ClientCallImpl$ClientStreamListenerImpl$1StreamClosed.runInContext(ClientCallImpl.java:716)
	at com.alibaba.nacos.shaded.io.grpc.internal.ContextRunnable.run(ContextRunnable.java:37)
	at com.alibaba.nacos.shaded.io.grpc.internal.SerializingExecutor.run(SerializingExecutor.java:133)
	at java.base/java.util.concurrent.ThreadPoolExecutor.runWorker(ThreadPoolExecutor.java:1136)
	at java.base/java.util.concurrent.ThreadPoolExecutor$Worker.run(ThreadPoolExecutor.java:635)
	at java.base/java.lang.Thread.run(Thread.java:833)
Caused by: com.alibaba.nacos.shaded.io.grpc.netty.shaded.io.netty.channel.AbstractChannel$AnnotatedConnectException: Connection refused: no further information: /127.0.0.1:9848
Caused by: java.net.ConnectException: Connection refused: no further information
	at java.base/sun.nio.ch.Net.pollConnect(Native Method)
	at java.base/sun.nio.ch.Net.pollConnectNow(Net.java:672)
	at java.base/sun.nio.ch.SocketChannelImpl.finishConnect(SocketChannelImpl.java:946)
	at com.alibaba.nacos.shaded.io.grpc.netty.shaded.io.netty.channel.socket.nio.NioSocketChannel.doFinishConnect(NioSocketChannel.java:337)
	at com.alibaba.nacos.shaded.io.grpc.netty.shaded.io.netty.channel.nio.AbstractNioChannel$AbstractNioUnsafe.finishConnect(AbstractNioChannel.java:334)
	at com.alibaba.nacos.shaded.io.grpc.netty.shaded.io.netty.channel.nio.NioEventLoop.processSelectedKey(NioEventLoop.java:776)
	at com.alibaba.nacos.shaded.io.grpc.netty.shaded.io.netty.channel.nio.NioEventLoop.processSelectedKeysOptimized(NioEventLoop.java:724)
	at com.alibaba.nacos.shaded.io.grpc.netty.shaded.io.netty.channel.nio.NioEventLoop.processSelectedKeys(NioEventLoop.java:650)
	at com.alibaba.nacos.shaded.io.grpc.netty.shaded.io.netty.channel.nio.NioEventLoop.run(NioEventLoop.java:562)
	at com.alibaba.nacos.shaded.io.grpc.netty.shaded.io.netty.util.concurrent.SingleThreadEventExecutor$4.run(SingleThreadEventExecutor.java:997)
	at com.alibaba.nacos.shaded.io.grpc.netty.shaded.io.netty.util.internal.ThreadExecutorMap$2.run(ThreadExecutorMap.java:74)
	at com.alibaba.nacos.shaded.io.grpc.netty.shaded.io.netty.util.concurrent.FastThreadLocalRunnable.run(FastThreadLocalRunnable.java:30)
	at java.base/java.lang.Thread.run(Thread.java:833)
2026-01-04 23:47:41 [main] INFO  c.alibaba.nacos.common.remote.client - [7cb09a88-141f-4c35-85a2-86352e4a76fc_config-0] Try to connect to server on start up, server: {serverIp = '127.0.0.1', server main port = 8848}
2026-01-04 23:47:41 [main] INFO  c.a.n.c.r.client.grpc.GrpcClient - grpc client connection server:127.0.0.1 ip,serverPort:9848,grpcTslConfig:{"sslProvider":"","enableTls":false,"mutualAuthEnable":false,"trustAll":false}
2026-01-04 23:47:41 [main] ERROR c.a.n.c.r.client.grpc.GrpcClient - Server check fail, please check server 127.0.0.1 ,port 9848 is available , error ={}
java.util.concurrent.ExecutionException: com.alibaba.nacos.shaded.io.grpc.StatusRuntimeException: UNAVAILABLE: io exception
	at com.alibaba.nacos.shaded.com.google.common.util.concurrent.AbstractFuture.getDoneValue(AbstractFuture.java:592)
	at com.alibaba.nacos.shaded.com.google.common.util.concurrent.AbstractFuture.get(AbstractFuture.java:467)
	at com.alibaba.nacos.common.remote.client.grpc.GrpcClient.serverCheck(GrpcClient.java:243)
	at com.alibaba.nacos.common.remote.client.grpc.GrpcClient.connectToServer(GrpcClient.java:367)
	at com.alibaba.nacos.common.remote.client.RpcClient.start(RpcClient.java:349)
	at com.alibaba.nacos.client.config.impl.ClientWorker$ConfigRpcTransportClient.ensureRpcClient(ClientWorker.java:1100)
	at com.alibaba.nacos.client.config.impl.ClientWorker$ConfigRpcTransportClient.getOneRunningClient(ClientWorker.java:1248)
	at com.alibaba.nacos.client.config.impl.ClientWorker$ConfigRpcTransportClient.queryConfig(ClientWorker.java:1146)
	at com.alibaba.nacos.client.config.impl.ClientWorker.getServerConfig(ClientWorker.java:472)
	at com.alibaba.nacos.client.config.NacosConfigService.getConfigInner(NacosConfigService.java:188)
	at com.alibaba.nacos.client.config.NacosConfigService.getConfig(NacosConfigService.java:99)
	at com.alibaba.cloud.nacos.client.NacosPropertySourceBuilder.loadNacosData(NacosPropertySourceBuilder.java:89)
	at com.alibaba.cloud.nacos.client.NacosPropertySourceBuilder.build(NacosPropertySourceBuilder.java:74)
	at com.alibaba.cloud.nacos.client.NacosPropertySourceLocator.loadNacosPropertySource(NacosPropertySourceLocator.java:199)
	at com.alibaba.cloud.nacos.client.NacosPropertySourceLocator.loadNacosDataIfPresent(NacosPropertySourceLocator.java:186)
	at com.alibaba.cloud.nacos.client.NacosPropertySourceLocator.loadApplicationConfiguration(NacosPropertySourceLocator.java:141)
	at com.alibaba.cloud.nacos.client.NacosPropertySourceLocator.locate(NacosPropertySourceLocator.java:103)
	at org.springframework.cloud.bootstrap.config.PropertySourceLocator.locateCollection(PropertySourceLocator.java:50)
	at org.springframework.cloud.bootstrap.config.PropertySourceLocator.locateCollection(PropertySourceLocator.java:46)
	at org.springframework.cloud.bootstrap.config.PropertySourceBootstrapConfiguration.doInitialize(PropertySourceBootstrapConfiguration.java:120)
	at org.springframework.cloud.bootstrap.config.PropertySourceBootstrapConfiguration.initialize(PropertySourceBootstrapConfiguration.java:110)
	at org.springframework.boot.SpringApplication.applyInitializers(SpringApplication.java:623)
	at org.springframework.boot.SpringApplication.prepareContext(SpringApplication.java:386)
	at org.springframework.boot.SpringApplication.run(SpringApplication.java:320)
	at org.springframework.boot.SpringApplication.run(SpringApplication.java:1365)
	at org.springframework.boot.SpringApplication.run(SpringApplication.java:1354)
	at com.homework.recognition.RecognitionApplication.main(RecognitionApplication.java:17)
Caused by: com.alibaba.nacos.shaded.io.grpc.StatusRuntimeException: UNAVAILABLE: io exception
	at com.alibaba.nacos.shaded.io.grpc.Status.asRuntimeException(Status.java:537)
	at com.alibaba.nacos.shaded.io.grpc.stub.ClientCalls$UnaryStreamToFuture.onClose(ClientCalls.java:548)
	at com.alibaba.nacos.shaded.io.grpc.internal.DelayedClientCall$DelayedListener$3.run(DelayedClientCall.java:489)
	at com.alibaba.nacos.shaded.io.grpc.internal.DelayedClientCall$DelayedListener.delayOrExecute(DelayedClientCall.java:453)
	at com.alibaba.nacos.shaded.io.grpc.internal.DelayedClientCall$DelayedListener.onClose(DelayedClientCall.java:486)
	at com.alibaba.nacos.shaded.io.grpc.internal.ClientCallImpl.closeObserver(ClientCallImpl.java:567)
	at com.alibaba.nacos.shaded.io.grpc.internal.ClientCallImpl.access$300(ClientCallImpl.java:71)
	at com.alibaba.nacos.shaded.io.grpc.internal.ClientCallImpl$ClientStreamListenerImpl$1StreamClosed.runInternal(ClientCallImpl.java:735)
	at com.alibaba.nacos.shaded.io.grpc.internal.ClientCallImpl$ClientStreamListenerImpl$1StreamClosed.runInContext(ClientCallImpl.java:716)
	at com.alibaba.nacos.shaded.io.grpc.internal.ContextRunnable.run(ContextRunnable.java:37)
	at com.alibaba.nacos.shaded.io.grpc.internal.SerializingExecutor.run(SerializingExecutor.java:133)
	at java.base/java.util.concurrent.ThreadPoolExecutor.runWorker(ThreadPoolExecutor.java:1136)
	at java.base/java.util.concurrent.ThreadPoolExecutor$Worker.run(ThreadPoolExecutor.java:635)
	at java.base/java.lang.Thread.run(Thread.java:833)
Caused by: com.alibaba.nacos.shaded.io.grpc.netty.shaded.io.netty.channel.AbstractChannel$AnnotatedConnectException: Connection refused: no further information: /127.0.0.1:9848
Caused by: java.net.ConnectException: Connection refused: no further information
	at java.base/sun.nio.ch.Net.pollConnect(Native Method)
	at java.base/sun.nio.ch.Net.pollConnectNow(Net.java:672)
	at java.base/sun.nio.ch.SocketChannelImpl.finishConnect(SocketChannelImpl.java:946)
	at com.alibaba.nacos.shaded.io.grpc.netty.shaded.io.netty.channel.socket.nio.NioSocketChannel.doFinishConnect(NioSocketChannel.java:337)
	at com.alibaba.nacos.shaded.io.grpc.netty.shaded.io.netty.channel.nio.AbstractNioChannel$AbstractNioUnsafe.finishConnect(AbstractNioChannel.java:334)
	at com.alibaba.nacos.shaded.io.grpc.netty.shaded.io.netty.channel.nio.NioEventLoop.processSelectedKey(NioEventLoop.java:776)
	at com.alibaba.nacos.shaded.io.grpc.netty.shaded.io.netty.channel.nio.NioEventLoop.processSelectedKeysOptimized(NioEventLoop.java:724)
	at com.alibaba.nacos.shaded.io.grpc.netty.shaded.io.netty.channel.nio.NioEventLoop.processSelectedKeys(NioEventLoop.java:650)
	at com.alibaba.nacos.shaded.io.grpc.netty.shaded.io.netty.channel.nio.NioEventLoop.run(NioEventLoop.java:562)
	at com.alibaba.nacos.shaded.io.grpc.netty.shaded.io.netty.util.concurrent.SingleThreadEventExecutor$4.run(SingleThreadEventExecutor.java:997)
	at com.alibaba.nacos.shaded.io.grpc.netty.shaded.io.netty.util.internal.ThreadExecutorMap$2.run(ThreadExecutorMap.java:74)
	at com.alibaba.nacos.shaded.io.grpc.netty.shaded.io.netty.util.concurrent.FastThreadLocalRunnable.run(FastThreadLocalRunnable.java:30)
	at java.base/java.lang.Thread.run(Thread.java:833)
2026-01-04 23:47:41 [main] INFO  c.alibaba.nacos.common.remote.client - [7cb09a88-141f-4c35-85a2-86352e4a76fc_config-0] Try to connect to server on start up, server: {serverIp = '127.0.0.1', server main port = 8848}
2026-01-04 23:47:41 [main] INFO  c.a.n.c.r.client.grpc.GrpcClient - grpc client connection server:127.0.0.1 ip,serverPort:9848,grpcTslConfig:{"sslProvider":"","enableTls":false,"mutualAuthEnable":false,"trustAll":false}
2026-01-04 23:47:41 [main] ERROR c.a.n.c.r.client.grpc.GrpcClient - Server check fail, please check server 127.0.0.1 ,port 9848 is available , error ={}
java.util.concurrent.ExecutionException: com.alibaba.nacos.shaded.io.grpc.StatusRuntimeException: UNAVAILABLE: io exception
	at com.alibaba.nacos.shaded.com.google.common.util.concurrent.AbstractFuture.getDoneValue(AbstractFuture.java:592)
	at com.alibaba.nacos.shaded.com.google.common.util.concurrent.AbstractFuture.get(AbstractFuture.java:467)
	at com.alibaba.nacos.common.remote.client.grpc.GrpcClient.serverCheck(GrpcClient.java:243)
	at com.alibaba.nacos.common.remote.client.grpc.GrpcClient.connectToServer(GrpcClient.java:367)
	at com.alibaba.nacos.common.remote.client.RpcClient.start(RpcClient.java:349)
	at com.alibaba.nacos.client.config.impl.ClientWorker$ConfigRpcTransportClient.ensureRpcClient(ClientWorker.java:1100)
	at com.alibaba.nacos.client.config.impl.ClientWorker$ConfigRpcTransportClient.getOneRunningClient(ClientWorker.java:1248)
	at com.alibaba.nacos.client.config.impl.ClientWorker$ConfigRpcTransportClient.queryConfig(ClientWorker.java:1146)
	at com.alibaba.nacos.client.config.impl.ClientWorker.getServerConfig(ClientWorker.java:472)
	at com.alibaba.nacos.client.config.NacosConfigService.getConfigInner(NacosConfigService.java:188)
	at com.alibaba.nacos.client.config.NacosConfigService.getConfig(NacosConfigService.java:99)
	at com.alibaba.cloud.nacos.client.NacosPropertySourceBuilder.loadNacosData(NacosPropertySourceBuilder.java:89)
	at com.alibaba.cloud.nacos.client.NacosPropertySourceBuilder.build(NacosPropertySourceBuilder.java:74)
	at com.alibaba.cloud.nacos.client.NacosPropertySourceLocator.loadNacosPropertySource(NacosPropertySourceLocator.java:199)
	at com.alibaba.cloud.nacos.client.NacosPropertySourceLocator.loadNacosDataIfPresent(NacosPropertySourceLocator.java:186)
	at com.alibaba.cloud.nacos.client.NacosPropertySourceLocator.loadApplicationConfiguration(NacosPropertySourceLocator.java:141)
	at com.alibaba.cloud.nacos.client.NacosPropertySourceLocator.locate(NacosPropertySourceLocator.java:103)
	at org.springframework.cloud.bootstrap.config.PropertySourceLocator.locateCollection(PropertySourceLocator.java:50)
	at org.springframework.cloud.bootstrap.config.PropertySourceLocator.locateCollection(PropertySourceLocator.java:46)
	at org.springframework.cloud.bootstrap.config.PropertySourceBootstrapConfiguration.doInitialize(PropertySourceBootstrapConfiguration.java:120)
	at org.springframework.cloud.bootstrap.config.PropertySourceBootstrapConfiguration.initialize(PropertySourceBootstrapConfiguration.java:110)
	at org.springframework.boot.SpringApplication.applyInitializers(SpringApplication.java:623)
	at org.springframework.boot.SpringApplication.prepareContext(SpringApplication.java:386)
	at org.springframework.boot.SpringApplication.run(SpringApplication.java:320)
	at org.springframework.boot.SpringApplication.run(SpringApplication.java:1365)
	at org.springframework.boot.SpringApplication.run(SpringApplication.java:1354)
	at com.homework.recognition.RecognitionApplication.main(RecognitionApplication.java:17)
Caused by: com.alibaba.nacos.shaded.io.grpc.StatusRuntimeException: UNAVAILABLE: io exception
	at com.alibaba.nacos.shaded.io.grpc.Status.asRuntimeException(Status.java:537)
	at com.alibaba.nacos.shaded.io.grpc.stub.ClientCalls$UnaryStreamToFuture.onClose(ClientCalls.java:548)
	at com.alibaba.nacos.shaded.io.grpc.internal.DelayedClientCall$DelayedListener$3.run(DelayedClientCall.java:489)
	at com.alibaba.nacos.shaded.io.grpc.internal.DelayedClientCall$DelayedListener.delayOrExecute(DelayedClientCall.java:453)
	at com.alibaba.nacos.shaded.io.grpc.internal.DelayedClientCall$DelayedListener.onClose(DelayedClientCall.java:486)
	at com.alibaba.nacos.shaded.io.grpc.internal.ClientCallImpl.closeObserver(ClientCallImpl.java:567)
	at com.alibaba.nacos.shaded.io.grpc.internal.ClientCallImpl.access$300(ClientCallImpl.java:71)
	at com.alibaba.nacos.shaded.io.grpc.internal.ClientCallImpl$ClientStreamListenerImpl$1StreamClosed.runInternal(ClientCallImpl.java:735)
	at com.alibaba.nacos.shaded.io.grpc.internal.ClientCallImpl$ClientStreamListenerImpl$1StreamClosed.runInContext(ClientCallImpl.java:716)
	at com.alibaba.nacos.shaded.io.grpc.internal.ContextRunnable.run(ContextRunnable.java:37)
	at com.alibaba.nacos.shaded.io.grpc.internal.SerializingExecutor.run(SerializingExecutor.java:133)
	at java.base/java.util.concurrent.ThreadPoolExecutor.runWorker(ThreadPoolExecutor.java:1136)
	at java.base/java.util.concurrent.ThreadPoolExecutor$Worker.run(ThreadPoolExecutor.java:635)
	at java.base/java.lang.Thread.run(Thread.java:833)
Caused by: com.alibaba.nacos.shaded.io.grpc.netty.shaded.io.netty.channel.AbstractChannel$AnnotatedConnectException: Connection refused: no further information: /127.0.0.1:9848
Caused by: java.net.ConnectException: Connection refused: no further information
	at java.base/sun.nio.ch.Net.pollConnect(Native Method)
	at java.base/sun.nio.ch.Net.pollConnectNow(Net.java:672)
	at java.base/sun.nio.ch.SocketChannelImpl.finishConnect(SocketChannelImpl.java:946)
	at com.alibaba.nacos.shaded.io.grpc.netty.shaded.io.netty.channel.socket.nio.NioSocketChannel.doFinishConnect(NioSocketChannel.java:337)
	at com.alibaba.nacos.shaded.io.grpc.netty.shaded.io.netty.channel.nio.AbstractNioChannel$AbstractNioUnsafe.finishConnect(AbstractNioChannel.java:334)
	at com.alibaba.nacos.shaded.io.grpc.netty.shaded.io.netty.channel.nio.NioEventLoop.processSelectedKey(NioEventLoop.java:776)
	at com.alibaba.nacos.shaded.io.grpc.netty.shaded.io.netty.channel.nio.NioEventLoop.processSelectedKeysOptimized(NioEventLoop.java:724)
	at com.alibaba.nacos.shaded.io.grpc.netty.shaded.io.netty.channel.nio.NioEventLoop.processSelectedKeys(NioEventLoop.java:650)
	at com.alibaba.nacos.shaded.io.grpc.netty.shaded.io.netty.channel.nio.NioEventLoop.run(NioEventLoop.java:562)
	at com.alibaba.nacos.shaded.io.grpc.netty.shaded.io.netty.util.concurrent.SingleThreadEventExecutor$4.run(SingleThreadEventExecutor.java:997)
	at com.alibaba.nacos.shaded.io.grpc.netty.shaded.io.netty.util.internal.ThreadExecutorMap$2.run(ThreadExecutorMap.java:74)
	at com.alibaba.nacos.shaded.io.grpc.netty.shaded.io.netty.util.concurrent.FastThreadLocalRunnable.run(FastThreadLocalRunnable.java:30)
	at java.base/java.lang.Thread.run(Thread.java:833)
2026-01-04 23:47:41 [com.alibaba.nacos.client.remote.worker.1] INFO  c.alibaba.nacos.common.remote.client - [7cb09a88-141f-4c35-85a2-86352e4a76fc_config-0] Try to reconnect to a new server, server is  not appointed, will choose a random server.
2026-01-04 23:47:41 [main] INFO  c.alibaba.nacos.common.remote.client - [7cb09a88-141f-4c35-85a2-86352e4a76fc_config-0] Register server push request handler:com.alibaba.nacos.common.remote.client.RpcClient$ConnectResetRequestHandler
2026-01-04 23:47:41 [com.alibaba.nacos.client.remote.worker.1] INFO  c.a.n.c.r.client.grpc.GrpcClient - grpc client connection server:127.0.0.1 ip,serverPort:9848,grpcTslConfig:{"sslProvider":"","enableTls":false,"mutualAuthEnable":false,"trustAll":false}
2026-01-04 23:47:41 [main] INFO  c.alibaba.nacos.common.remote.client - [7cb09a88-141f-4c35-85a2-86352e4a76fc_config-0] Register server push request handler:com.alibaba.nacos.common.remote.client.RpcClient$$Lambda$714/0x00000008010a5be8
2026-01-04 23:47:41 [com.alibaba.nacos.client.remote.worker.1] ERROR c.a.n.c.r.client.grpc.GrpcClient - Server check fail, please check server 127.0.0.1 ,port 9848 is available , error ={}
java.util.concurrent.ExecutionException: com.alibaba.nacos.shaded.io.grpc.StatusRuntimeException: UNAVAILABLE: io exception
	at com.alibaba.nacos.shaded.com.google.common.util.concurrent.AbstractFuture.getDoneValue(AbstractFuture.java:592)
	at com.alibaba.nacos.shaded.com.google.common.util.concurrent.AbstractFuture.get(AbstractFuture.java:467)
	at com.alibaba.nacos.common.remote.client.grpc.GrpcClient.serverCheck(GrpcClient.java:243)
	at com.alibaba.nacos.common.remote.client.grpc.GrpcClient.connectToServer(GrpcClient.java:367)
	at com.alibaba.nacos.common.remote.client.RpcClient.reconnect(RpcClient.java:502)
	at com.alibaba.nacos.common.remote.client.RpcClient.lambda$start$1(RpcClient.java:329)
	at java.base/java.util.concurrent.Executors$RunnableAdapter.call(Executors.java:539)
	at java.base/java.util.concurrent.FutureTask.run(FutureTask.java:264)
	at java.base/java.util.concurrent.ScheduledThreadPoolExecutor$ScheduledFutureTask.run(ScheduledThreadPoolExecutor.java:304)
	at java.base/java.util.concurrent.ThreadPoolExecutor.runWorker(ThreadPoolExecutor.java:1136)
	at java.base/java.util.concurrent.ThreadPoolExecutor$Worker.run(ThreadPoolExecutor.java:635)
	at java.base/java.lang.Thread.run(Thread.java:833)
Caused by: com.alibaba.nacos.shaded.io.grpc.StatusRuntimeException: UNAVAILABLE: io exception
	at com.alibaba.nacos.shaded.io.grpc.Status.asRuntimeException(Status.java:537)
	at com.alibaba.nacos.shaded.io.grpc.stub.ClientCalls$UnaryStreamToFuture.onClose(ClientCalls.java:548)
	at com.alibaba.nacos.shaded.io.grpc.internal.DelayedClientCall$DelayedListener$3.run(DelayedClientCall.java:489)
	at com.alibaba.nacos.shaded.io.grpc.internal.DelayedClientCall$DelayedListener.delayOrExecute(DelayedClientCall.java:453)
	at com.alibaba.nacos.shaded.io.grpc.internal.DelayedClientCall$DelayedListener.onClose(DelayedClientCall.java:486)
	at com.alibaba.nacos.shaded.io.grpc.internal.ClientCallImpl.closeObserver(ClientCallImpl.java:567)
	at com.alibaba.nacos.shaded.io.grpc.internal.ClientCallImpl.access$300(ClientCallImpl.java:71)
	at com.alibaba.nacos.shaded.io.grpc.internal.ClientCallImpl$ClientStreamListenerImpl$1StreamClosed.runInternal(ClientCallImpl.java:735)
	at com.alibaba.nacos.shaded.io.grpc.internal.ClientCallImpl$ClientStreamListenerImpl$1StreamClosed.runInContext(ClientCallImpl.java:716)
	at com.alibaba.nacos.shaded.io.grpc.internal.ContextRunnable.run(ContextRunnable.java:37)
	at com.alibaba.nacos.shaded.io.grpc.internal.SerializingExecutor.run(SerializingExecutor.java:133)
	... 3 common frames omitted
Caused by: com.alibaba.nacos.shaded.io.grpc.netty.shaded.io.netty.channel.AbstractChannel$AnnotatedConnectException: Connection refused: no further information: /127.0.0.1:9848
Caused by: java.net.ConnectException: Connection refused: no further information
	at java.base/sun.nio.ch.Net.pollConnect(Native Method)
	at java.base/sun.nio.ch.Net.pollConnectNow(Net.java:672)
	at java.base/sun.nio.ch.SocketChannelImpl.finishConnect(SocketChannelImpl.java:946)
	at com.alibaba.nacos.shaded.io.grpc.netty.shaded.io.netty.channel.socket.nio.NioSocketChannel.doFinishConnect(NioSocketChannel.java:337)
	at com.alibaba.nacos.shaded.io.grpc.netty.shaded.io.netty.channel.nio.AbstractNioChannel$AbstractNioUnsafe.finishConnect(AbstractNioChannel.java:334)
	at com.alibaba.nacos.shaded.io.grpc.netty.shaded.io.netty.channel.nio.NioEventLoop.processSelectedKey(NioEventLoop.java:776)
	at com.alibaba.nacos.shaded.io.grpc.netty.shaded.io.netty.channel.nio.NioEventLoop.processSelectedKeysOptimized(NioEventLoop.java:724)
	at com.alibaba.nacos.shaded.io.grpc.netty.shaded.io.netty.channel.nio.NioEventLoop.processSelectedKeys(NioEventLoop.java:650)
	at com.alibaba.nacos.shaded.io.grpc.netty.shaded.io.netty.channel.nio.NioEventLoop.run(NioEventLoop.java:562)
	at com.alibaba.nacos.shaded.io.grpc.netty.shaded.io.netty.util.concurrent.SingleThreadEventExecutor$4.run(SingleThreadEventExecutor.java:997)
	at com.alibaba.nacos.shaded.io.grpc.netty.shaded.io.netty.util.internal.ThreadExecutorMap$2.run(ThreadExecutorMap.java:74)
	at com.alibaba.nacos.shaded.io.grpc.netty.shaded.io.netty.util.concurrent.FastThreadLocalRunnable.run(FastThreadLocalRunnable.java:30)
	at java.base/java.lang.Thread.run(Thread.java:833)
2026-01-04 23:47:41 [main] INFO  c.a.nacos.client.config.impl.Limiter - limitTime:5.0
2026-01-04 23:47:41 [com.alibaba.nacos.client.remote.worker.1] INFO  c.a.n.c.r.client.grpc.GrpcClient - grpc client connection server:127.0.0.1 ip,serverPort:9848,grpcTslConfig:{"sslProvider":"","enableTls":false,"mutualAuthEnable":false,"trustAll":false}
2026-01-04 23:47:41 [com.alibaba.nacos.client.remote.worker.1] ERROR c.a.n.c.r.client.grpc.GrpcClient - Server check fail, please check server 127.0.0.1 ,port 9848 is available , error ={}
java.util.concurrent.ExecutionException: com.alibaba.nacos.shaded.io.grpc.StatusRuntimeException: UNAVAILABLE: io exception
	at com.alibaba.nacos.shaded.com.google.common.util.concurrent.AbstractFuture.getDoneValue(AbstractFuture.java:592)
	at com.alibaba.nacos.shaded.com.google.common.util.concurrent.AbstractFuture.get(AbstractFuture.java:467)
	at com.alibaba.nacos.common.remote.client.grpc.GrpcClient.serverCheck(GrpcClient.java:243)
	at com.alibaba.nacos.common.remote.client.grpc.GrpcClient.connectToServer(GrpcClient.java:367)
	at com.alibaba.nacos.common.remote.client.RpcClient.reconnect(RpcClient.java:502)
	at com.alibaba.nacos.common.remote.client.RpcClient.lambda$start$1(RpcClient.java:329)
	at java.base/java.util.concurrent.Executors$RunnableAdapter.call(Executors.java:539)
	at java.base/java.util.concurrent.FutureTask.run(FutureTask.java:264)
	at java.base/java.util.concurrent.ScheduledThreadPoolExecutor$ScheduledFutureTask.run(ScheduledThreadPoolExecutor.java:304)
	at java.base/java.util.concurrent.ThreadPoolExecutor.runWorker(ThreadPoolExecutor.java:1136)
	at java.base/java.util.concurrent.ThreadPoolExecutor$Worker.run(ThreadPoolExecutor.java:635)
	at java.base/java.lang.Thread.run(Thread.java:833)
Caused by: com.alibaba.nacos.shaded.io.grpc.StatusRuntimeException: UNAVAILABLE: io exception
	at com.alibaba.nacos.shaded.io.grpc.Status.asRuntimeException(Status.java:537)
	at com.alibaba.nacos.shaded.io.grpc.stub.ClientCalls$UnaryStreamToFuture.onClose(ClientCalls.java:548)
	at com.alibaba.nacos.shaded.io.grpc.internal.DelayedClientCall$DelayedListener$3.run(DelayedClientCall.java:489)
	at com.alibaba.nacos.shaded.io.grpc.internal.DelayedClientCall$DelayedListener.delayOrExecute(DelayedClientCall.java:453)
	at com.alibaba.nacos.shaded.io.grpc.internal.DelayedClientCall$DelayedListener.onClose(DelayedClientCall.java:486)
	at com.alibaba.nacos.shaded.io.grpc.internal.ClientCallImpl.closeObserver(ClientCallImpl.java:567)
	at com.alibaba.nacos.shaded.io.grpc.internal.ClientCallImpl.access$300(ClientCallImpl.java:71)
	at com.alibaba.nacos.shaded.io.grpc.internal.ClientCallImpl$ClientStreamListenerImpl$1StreamClosed.runInternal(ClientCallImpl.java:735)
	at com.alibaba.nacos.shaded.io.grpc.internal.ClientCallImpl$ClientStreamListenerImpl$1StreamClosed.runInContext(ClientCallImpl.java:716)
	at com.alibaba.nacos.shaded.io.grpc.internal.ContextRunnable.run(ContextRunnable.java:37)
	at com.alibaba.nacos.shaded.io.grpc.internal.SerializingExecutor.run(SerializingExecutor.java:133)
	... 3 common frames omitted
Caused by: com.alibaba.nacos.shaded.io.grpc.netty.shaded.io.netty.channel.AbstractChannel$AnnotatedConnectException: Connection refused: no further information: /127.0.0.1:9848
Caused by: java.net.ConnectException: Connection refused: no further information
	at java.base/sun.nio.ch.Net.pollConnect(Native Method)
	at java.base/sun.nio.ch.Net.pollConnectNow(Net.java:672)
	at java.base/sun.nio.ch.SocketChannelImpl.finishConnect(SocketChannelImpl.java:946)
	at com.alibaba.nacos.shaded.io.grpc.netty.shaded.io.netty.channel.socket.nio.NioSocketChannel.doFinishConnect(NioSocketChannel.java:337)
	at com.alibaba.nacos.shaded.io.grpc.netty.shaded.io.netty.channel.nio.AbstractNioChannel$AbstractNioUnsafe.finishConnect(AbstractNioChannel.java:334)
	at com.alibaba.nacos.shaded.io.grpc.netty.shaded.io.netty.channel.nio.NioEventLoop.processSelectedKey(NioEventLoop.java:776)
	at com.alibaba.nacos.shaded.io.grpc.netty.shaded.io.netty.channel.nio.NioEventLoop.processSelectedKeysOptimized(NioEventLoop.java:724)
	at com.alibaba.nacos.shaded.io.grpc.netty.shaded.io.netty.channel.nio.NioEventLoop.processSelectedKeys(NioEventLoop.java:650)
	at com.alibaba.nacos.shaded.io.grpc.netty.shaded.io.netty.channel.nio.NioEventLoop.run(NioEventLoop.java:562)
	at com.alibaba.nacos.shaded.io.grpc.netty.shaded.io.netty.util.concurrent.SingleThreadEventExecutor$4.run(SingleThreadEventExecutor.java:997)
	at com.alibaba.nacos.shaded.io.grpc.netty.shaded.io.netty.util.internal.ThreadExecutorMap$2.run(ThreadExecutorMap.java:74)
	at com.alibaba.nacos.shaded.io.grpc.netty.shaded.io.netty.util.concurrent.FastThreadLocalRunnable.run(FastThreadLocalRunnable.java:30)
	at java.base/java.lang.Thread.run(Thread.java:833)
2026-01-04 23:47:41 [com.alibaba.nacos.client.remote.worker.1] INFO  c.alibaba.nacos.common.remote.client - [7cb09a88-141f-4c35-85a2-86352e4a76fc_config-0] Fail to connect server, after trying 1 times, last try server is {serverIp = '127.0.0.1', server main port = 8848}, error = unknown
2026-01-04 23:47:41 [main] ERROR c.alibaba.nacos.common.remote.client - Send request fail, request = ConfigQueryRequest{headers={charset=UTF-8, Client-AppName=unknown, Client-RequestToken=031285abce1f1b2bc273855737753ce4, Client-RequestTS=1767541661500, exConfigInfo=true, notify=false}, requestId='null'}, retryTimes = 0, errorMessage = Client not connected, current status:STARTING
2026-01-04 23:47:41 [main] ERROR c.alibaba.nacos.common.remote.client - Send request fail, request = ConfigQueryRequest{headers={charset=UTF-8, Client-AppName=unknown, Client-RequestToken=031285abce1f1b2bc273855737753ce4, Client-RequestTS=1767541661500, exConfigInfo=true, notify=false}, requestId='null'}, retryTimes = 1, errorMessage = Client not connected, current status:STARTING
2026-01-04 23:47:41 [com.alibaba.nacos.client.remote.worker.1] INFO  c.a.n.c.r.client.grpc.GrpcClient - grpc client connection server:127.0.0.1 ip,serverPort:9848,grpcTslConfig:{"sslProvider":"","enableTls":false,"mutualAuthEnable":false,"trustAll":false}
2026-01-04 23:47:41 [com.alibaba.nacos.client.remote.worker.1] ERROR c.a.n.c.r.client.grpc.GrpcClient - Server check fail, please check server 127.0.0.1 ,port 9848 is available , error ={}
java.util.concurrent.ExecutionException: com.alibaba.nacos.shaded.io.grpc.StatusRuntimeException: UNAVAILABLE: io exception
	at com.alibaba.nacos.shaded.com.google.common.util.concurrent.AbstractFuture.getDoneValue(AbstractFuture.java:592)
	at com.alibaba.nacos.shaded.com.google.common.util.concurrent.AbstractFuture.get(AbstractFuture.java:467)
	at com.alibaba.nacos.common.remote.client.grpc.GrpcClient.serverCheck(GrpcClient.java:243)
	at com.alibaba.nacos.common.remote.client.grpc.GrpcClient.connectToServer(GrpcClient.java:367)
	at com.alibaba.nacos.common.remote.client.RpcClient.reconnect(RpcClient.java:502)
	at com.alibaba.nacos.common.remote.client.RpcClient.lambda$start$1(RpcClient.java:329)
	at java.base/java.util.concurrent.Executors$RunnableAdapter.call(Executors.java:539)
	at java.base/java.util.concurrent.FutureTask.run(FutureTask.java:264)
	at java.base/java.util.concurrent.ScheduledThreadPoolExecutor$ScheduledFutureTask.run(ScheduledThreadPoolExecutor.java:304)
	at java.base/java.util.concurrent.ThreadPoolExecutor.runWorker(ThreadPoolExecutor.java:1136)
	at java.base/java.util.concurrent.ThreadPoolExecutor$Worker.run(ThreadPoolExecutor.java:635)
	at java.base/java.lang.Thread.run(Thread.java:833)
Caused by: com.alibaba.nacos.shaded.io.grpc.StatusRuntimeException: UNAVAILABLE: io exception
	at com.alibaba.nacos.shaded.io.grpc.Status.asRuntimeException(Status.java:537)
	at com.alibaba.nacos.shaded.io.grpc.stub.ClientCalls$UnaryStreamToFuture.onClose(ClientCalls.java:548)
	at com.alibaba.nacos.shaded.io.grpc.internal.DelayedClientCall$DelayedListener$3.run(DelayedClientCall.java:489)
	at com.alibaba.nacos.shaded.io.grpc.internal.DelayedClientCall$DelayedListener.delayOrExecute(DelayedClientCall.java:453)
	at com.alibaba.nacos.shaded.io.grpc.internal.DelayedClientCall$DelayedListener.onClose(DelayedClientCall.java:486)
	at com.alibaba.nacos.shaded.io.grpc.internal.ClientCallImpl.closeObserver(ClientCallImpl.java:567)
	at com.alibaba.nacos.shaded.io.grpc.internal.ClientCallImpl.access$300(ClientCallImpl.java:71)
	at com.alibaba.nacos.shaded.io.grpc.internal.ClientCallImpl$ClientStreamListenerImpl$1StreamClosed.runInternal(ClientCallImpl.java:735)
	at com.alibaba.nacos.shaded.io.grpc.internal.ClientCallImpl$ClientStreamListenerImpl$1StreamClosed.runInContext(ClientCallImpl.java:716)
	at com.alibaba.nacos.shaded.io.grpc.internal.ContextRunnable.run(ContextRunnable.java:37)
	at com.alibaba.nacos.shaded.io.grpc.internal.SerializingExecutor.run(SerializingExecutor.java:133)
	... 3 common frames omitted
Caused by: com.alibaba.nacos.shaded.io.grpc.netty.shaded.io.netty.channel.AbstractChannel$AnnotatedConnectException: Connection refused: no further information: /127.0.0.1:9848
Caused by: java.net.ConnectException: Connection refused: no further information
	at java.base/sun.nio.ch.Net.pollConnect(Native Method)
	at java.base/sun.nio.ch.Net.pollConnectNow(Net.java:672)
	at java.base/sun.nio.ch.SocketChannelImpl.finishConnect(SocketChannelImpl.java:946)
	at com.alibaba.nacos.shaded.io.grpc.netty.shaded.io.netty.channel.socket.nio.NioSocketChannel.doFinishConnect(NioSocketChannel.java:337)
	at com.alibaba.nacos.shaded.io.grpc.netty.shaded.io.netty.channel.nio.AbstractNioChannel$AbstractNioUnsafe.finishConnect(AbstractNioChannel.java:334)
	at com.alibaba.nacos.shaded.io.grpc.netty.shaded.io.netty.channel.nio.NioEventLoop.processSelectedKey(NioEventLoop.java:776)
	at com.alibaba.nacos.shaded.io.grpc.netty.shaded.io.netty.channel.nio.NioEventLoop.processSelectedKeysOptimized(NioEventLoop.java:724)
	at com.alibaba.nacos.shaded.io.grpc.netty.shaded.io.netty.channel.nio.NioEventLoop.processSelectedKeys(NioEventLoop.java:650)
	at com.alibaba.nacos.shaded.io.grpc.netty.shaded.io.netty.channel.nio.NioEventLoop.run(NioEventLoop.java:562)
	at com.alibaba.nacos.shaded.io.grpc.netty.shaded.io.netty.util.concurrent.SingleThreadEventExecutor$4.run(SingleThreadEventExecutor.java:997)
	at com.alibaba.nacos.shaded.io.grpc.netty.shaded.io.netty.util.internal.ThreadExecutorMap$2.run(ThreadExecutorMap.java:74)
	at com.alibaba.nacos.shaded.io.grpc.netty.shaded.io.netty.util.concurrent.FastThreadLocalRunnable.run(FastThreadLocalRunnable.java:30)
	at java.base/java.lang.Thread.run(Thread.java:833)
2026-01-04 23:47:41 [com.alibaba.nacos.client.remote.worker.1] INFO  c.alibaba.nacos.common.remote.client - [7cb09a88-141f-4c35-85a2-86352e4a76fc_config-0] Fail to connect server, after trying 2 times, last try server is {serverIp = '127.0.0.1', server main port = 8848}, error = unknown
2026-01-04 23:47:41 [main] ERROR c.alibaba.nacos.common.remote.client - Send request fail, request = ConfigQueryRequest{headers={charset=UTF-8, Client-AppName=unknown, Client-RequestToken=031285abce1f1b2bc273855737753ce4, Client-RequestTS=1767541661500, exConfigInfo=true, notify=false}, requestId='null'}, retryTimes = 2, errorMessage = Client not connected, current status:STARTING
2026-01-04 23:47:41 [main] ERROR c.alibaba.nacos.common.remote.client - Send request fail, request = ConfigQueryRequest{headers={charset=UTF-8, Client-AppName=unknown, Client-RequestToken=031285abce1f1b2bc273855737753ce4, Client-RequestTS=1767541661500, exConfigInfo=true, notify=false}, requestId='null'}, retryTimes = 3, errorMessage = Client not connected, current status:STARTING
2026-01-04 23:47:41 [main] WARN  c.a.n.c.config.NacosConfigService - [fixed-127.0.0.1_8848] [get-config] get from server error, dataId=recognition, group=DEFAULT_GROUP, tenant=, msg=ErrCode:-401, ErrMsg:Client not connected, current status:STARTING
2026-01-04 23:47:42 [main] WARN  c.a.c.n.c.NacosPropertySourceBuilder - Ignore the empty nacos configuration and get it based on dataId[recognition] & group[DEFAULT_GROUP]
2026-01-04 23:47:42 [main] ERROR c.alibaba.nacos.common.remote.client - Send request fail, request = ConfigQueryRequest{headers={charset=UTF-8, Client-AppName=unknown, Client-RequestToken=dcf758a0a6b0ec29800821e270b5b09a, Client-RequestTS=1767541662002, exConfigInfo=true, notify=false}, requestId='null'}, retryTimes = 0, errorMessage = Client not connected, current status:STARTING
2026-01-04 23:47:42 [com.alibaba.nacos.client.remote.worker.1] INFO  c.a.n.c.r.client.grpc.GrpcClient - grpc client connection server:127.0.0.1 ip,serverPort:9848,grpcTslConfig:{"sslProvider":"","enableTls":false,"mutualAuthEnable":false,"trustAll":false}
2026-01-04 23:47:42 [com.alibaba.nacos.client.remote.worker.1] ERROR c.a.n.c.r.client.grpc.GrpcClient - Server check fail, please check server 127.0.0.1 ,port 9848 is available , error ={}
java.util.concurrent.ExecutionException: com.alibaba.nacos.shaded.io.grpc.StatusRuntimeException: UNAVAILABLE: io exception
	at com.alibaba.nacos.shaded.com.google.common.util.concurrent.AbstractFuture.getDoneValue(AbstractFuture.java:592)
	at com.alibaba.nacos.shaded.com.google.common.util.concurrent.AbstractFuture.get(AbstractFuture.java:467)
	at com.alibaba.nacos.common.remote.client.grpc.GrpcClient.serverCheck(GrpcClient.java:243)
	at com.alibaba.nacos.common.remote.client.grpc.GrpcClient.connectToServer(GrpcClient.java:367)
	at com.alibaba.nacos.common.remote.client.RpcClient.reconnect(RpcClient.java:502)
	at com.alibaba.nacos.common.remote.client.RpcClient.lambda$start$1(RpcClient.java:329)
	at java.base/java.util.concurrent.Executors$RunnableAdapter.call(Executors.java:539)
	at java.base/java.util.concurrent.FutureTask.run(FutureTask.java:264)
	at java.base/java.util.concurrent.ScheduledThreadPoolExecutor$ScheduledFutureTask.run(ScheduledThreadPoolExecutor.java:304)
	at java.base/java.util.concurrent.ThreadPoolExecutor.runWorker(ThreadPoolExecutor.java:1136)
	at java.base/java.util.concurrent.ThreadPoolExecutor$Worker.run(ThreadPoolExecutor.java:635)
	at java.base/java.lang.Thread.run(Thread.java:833)
Caused by: com.alibaba.nacos.shaded.io.grpc.StatusRuntimeException: UNAVAILABLE: io exception
	at com.alibaba.nacos.shaded.io.grpc.Status.asRuntimeException(Status.java:537)
	at com.alibaba.nacos.shaded.io.grpc.stub.ClientCalls$UnaryStreamToFuture.onClose(ClientCalls.java:548)
	at com.alibaba.nacos.shaded.io.grpc.internal.DelayedClientCall$DelayedListener$3.run(DelayedClientCall.java:489)
	at com.alibaba.nacos.shaded.io.grpc.internal.DelayedClientCall$DelayedListener.delayOrExecute(DelayedClientCall.java:453)
	at com.alibaba.nacos.shaded.io.grpc.internal.DelayedClientCall$DelayedListener.onClose(DelayedClientCall.java:486)
	at com.alibaba.nacos.shaded.io.grpc.internal.ClientCallImpl.closeObserver(ClientCallImpl.java:567)
	at com.alibaba.nacos.shaded.io.grpc.internal.ClientCallImpl.access$300(ClientCallImpl.java:71)
	at com.alibaba.nacos.shaded.io.grpc.internal.ClientCallImpl$ClientStreamListenerImpl$1StreamClosed.runInternal(ClientCallImpl.java:735)
	at com.alibaba.nacos.shaded.io.grpc.internal.ClientCallImpl$ClientStreamListenerImpl$1StreamClosed.runInContext(ClientCallImpl.java:716)
	at com.alibaba.nacos.shaded.io.grpc.internal.ContextRunnable.run(ContextRunnable.java:37)
	at com.alibaba.nacos.shaded.io.grpc.internal.SerializingExecutor.run(SerializingExecutor.java:133)
	... 3 common frames omitted
Caused by: com.alibaba.nacos.shaded.io.grpc.netty.shaded.io.netty.channel.AbstractChannel$AnnotatedConnectException: Connection refused: no further information: /127.0.0.1:9848
Caused by: java.net.ConnectException: Connection refused: no further information
	at java.base/sun.nio.ch.Net.pollConnect(Native Method)
	at java.base/sun.nio.ch.Net.pollConnectNow(Net.java:672)
	at java.base/sun.nio.ch.SocketChannelImpl.finishConnect(SocketChannelImpl.java:946)
	at com.alibaba.nacos.shaded.io.grpc.netty.shaded.io.netty.channel.socket.nio.NioSocketChannel.doFinishConnect(NioSocketChannel.java:337)
	at com.alibaba.nacos.shaded.io.grpc.netty.shaded.io.netty.channel.nio.AbstractNioChannel$AbstractNioUnsafe.finishConnect(AbstractNioChannel.java:334)
	at com.alibaba.nacos.shaded.io.grpc.netty.shaded.io.netty.channel.nio.NioEventLoop.processSelectedKey(NioEventLoop.java:776)
	at com.alibaba.nacos.shaded.io.grpc.netty.shaded.io.netty.channel.nio.NioEventLoop.processSelectedKeysOptimized(NioEventLoop.java:724)
	at com.alibaba.nacos.shaded.io.grpc.netty.shaded.io.netty.channel.nio.NioEventLoop.processSelectedKeys(NioEventLoop.java:650)
	at com.alibaba.nacos.shaded.io.grpc.netty.shaded.io.netty.channel.nio.NioEventLoop.run(NioEventLoop.java:562)
	at com.alibaba.nacos.shaded.io.grpc.netty.shaded.io.netty.util.concurrent.SingleThreadEventExecutor$4.run(SingleThreadEventExecutor.java:997)
	at com.alibaba.nacos.shaded.io.grpc.netty.shaded.io.netty.util.internal.ThreadExecutorMap$2.run(ThreadExecutorMap.java:74)
	at com.alibaba.nacos.shaded.io.grpc.netty.shaded.io.netty.util.concurrent.FastThreadLocalRunnable.run(FastThreadLocalRunnable.java:30)
	at java.base/java.lang.Thread.run(Thread.java:833)
2026-01-04 23:47:42 [com.alibaba.nacos.client.remote.worker.1] INFO  c.alibaba.nacos.common.remote.client - [7cb09a88-141f-4c35-85a2-86352e4a76fc_config-0] Fail to connect server, after trying 3 times, last try server is {serverIp = '127.0.0.1', server main port = 8848}, error = unknown
2026-01-04 23:47:42 [main] ERROR c.alibaba.nacos.common.remote.client - Send request fail, request = ConfigQueryRequest{headers={charset=UTF-8, Client-AppName=unknown, Client-RequestToken=dcf758a0a6b0ec29800821e270b5b09a, Client-RequestTS=1767541662002, exConfigInfo=true, notify=false}, requestId='null'}, retryTimes = 1, errorMessage = Client not connected, current status:STARTING
2026-01-04 23:47:42 [main] ERROR c.alibaba.nacos.common.remote.client - Send request fail, request = ConfigQueryRequest{headers={charset=UTF-8, Client-AppName=unknown, Client-RequestToken=dcf758a0a6b0ec29800821e270b5b09a, Client-RequestTS=1767541662002, exConfigInfo=true, notify=false}, requestId='null'}, retryTimes = 2, errorMessage = Client not connected, current status:STARTING
2026-01-04 23:47:42 [main] ERROR c.alibaba.nacos.common.remote.client - Send request fail, request = ConfigQueryRequest{headers={charset=UTF-8, Client-AppName=unknown, Client-RequestToken=dcf758a0a6b0ec29800821e270b5b09a, Client-RequestTS=1767541662002, exConfigInfo=true, notify=false}, requestId='null'}, retryTimes = 3, errorMessage = Client not connected, current status:STARTING
2026-01-04 23:47:42 [main] WARN  c.a.n.c.config.NacosConfigService - [fixed-127.0.0.1_8848] [get-config] get from server error, dataId=recognition.properties, group=DEFAULT_GROUP, tenant=, msg=ErrCode:-401, ErrMsg:Client not connected, current status:STARTING
2026-01-04 23:47:42 [main] WARN  c.a.c.n.c.NacosPropertySourceBuilder - Ignore the empty nacos configuration and get it based on dataId[recognition.properties] & group[DEFAULT_GROUP]
2026-01-04 23:47:42 [main] INFO  o.s.c.b.c.PropertySourceBootstrapConfiguration - Located property source: [BootstrapPropertySource {name='bootstrapProperties-recognition.properties,DEFAULT_GROUP'}, BootstrapPropertySource {name='bootstrapProperties-recognition,DEFAULT_GROUP'}]
2026-01-04 23:47:42 [main] INFO  c.h.r.RecognitionApplication - No active profile set, falling back to 1 default profile: "default"
2026-01-04 23:47:42 [com.alibaba.nacos.client.remote.worker.1] INFO  c.a.n.c.r.client.grpc.GrpcClient - grpc client connection server:127.0.0.1 ip,serverPort:9848,grpcTslConfig:{"sslProvider":"","enableTls":false,"mutualAuthEnable":false,"trustAll":false}
2026-01-04 23:47:42 [com.alibaba.nacos.client.remote.worker.1] ERROR c.a.n.c.r.client.grpc.GrpcClient - Server check fail, please check server 127.0.0.1 ,port 9848 is available , error ={}
java.util.concurrent.ExecutionException: com.alibaba.nacos.shaded.io.grpc.StatusRuntimeException: UNAVAILABLE: io exception
	at com.alibaba.nacos.shaded.com.google.common.util.concurrent.AbstractFuture.getDoneValue(AbstractFuture.java:592)
	at com.alibaba.nacos.shaded.com.google.common.util.concurrent.AbstractFuture.get(AbstractFuture.java:467)
	at com.alibaba.nacos.common.remote.client.grpc.GrpcClient.serverCheck(GrpcClient.java:243)
	at com.alibaba.nacos.common.remote.client.grpc.GrpcClient.connectToServer(GrpcClient.java:367)
	at com.alibaba.nacos.common.remote.client.RpcClient.reconnect(RpcClient.java:502)
	at com.alibaba.nacos.common.remote.client.RpcClient.lambda$start$1(RpcClient.java:329)
	at java.base/java.util.concurrent.Executors$RunnableAdapter.call(Executors.java:539)
	at java.base/java.util.concurrent.FutureTask.run(FutureTask.java:264)
	at java.base/java.util.concurrent.ScheduledThreadPoolExecutor$ScheduledFutureTask.run(ScheduledThreadPoolExecutor.java:304)
	at java.base/java.util.concurrent.ThreadPoolExecutor.runWorker(ThreadPoolExecutor.java:1136)
	at java.base/java.util.concurrent.ThreadPoolExecutor$Worker.run(ThreadPoolExecutor.java:635)
	at java.base/java.lang.Thread.run(Thread.java:833)
Caused by: com.alibaba.nacos.shaded.io.grpc.StatusRuntimeException: UNAVAILABLE: io exception
	at com.alibaba.nacos.shaded.io.grpc.Status.asRuntimeException(Status.java:537)
	at com.alibaba.nacos.shaded.io.grpc.stub.ClientCalls$UnaryStreamToFuture.onClose(ClientCalls.java:548)
	at com.alibaba.nacos.shaded.io.grpc.internal.DelayedClientCall$DelayedListener$3.run(DelayedClientCall.java:489)
	at com.alibaba.nacos.shaded.io.grpc.internal.DelayedClientCall$DelayedListener.delayOrExecute(DelayedClientCall.java:453)
	at com.alibaba.nacos.shaded.io.grpc.internal.DelayedClientCall$DelayedListener.onClose(DelayedClientCall.java:486)
	at com.alibaba.nacos.shaded.io.grpc.internal.ClientCallImpl.closeObserver(ClientCallImpl.java:567)
	at com.alibaba.nacos.shaded.io.grpc.internal.ClientCallImpl.access$300(ClientCallImpl.java:71)
	at com.alibaba.nacos.shaded.io.grpc.internal.ClientCallImpl$ClientStreamListenerImpl$1StreamClosed.runInternal(ClientCallImpl.java:735)
	at com.alibaba.nacos.shaded.io.grpc.internal.ClientCallImpl$ClientStreamListenerImpl$1StreamClosed.runInContext(ClientCallImpl.java:716)
	at com.alibaba.nacos.shaded.io.grpc.internal.ContextRunnable.run(ContextRunnable.java:37)
	at com.alibaba.nacos.shaded.io.grpc.internal.SerializingExecutor.run(SerializingExecutor.java:133)
	... 3 common frames omitted
Caused by: com.alibaba.nacos.shaded.io.grpc.netty.shaded.io.netty.channel.AbstractChannel$AnnotatedConnectException: Connection refused: no further information: /127.0.0.1:9848
Caused by: java.net.ConnectException: Connection refused: no further information
	at java.base/sun.nio.ch.Net.pollConnect(Native Method)
	at java.base/sun.nio.ch.Net.pollConnectNow(Net.java:672)
	at java.base/sun.nio.ch.SocketChannelImpl.finishConnect(SocketChannelImpl.java:946)
	at com.alibaba.nacos.shaded.io.grpc.netty.shaded.io.netty.channel.socket.nio.NioSocketChannel.doFinishConnect(NioSocketChannel.java:337)
	at com.alibaba.nacos.shaded.io.grpc.netty.shaded.io.netty.channel.nio.AbstractNioChannel$AbstractNioUnsafe.finishConnect(AbstractNioChannel.java:334)
	at com.alibaba.nacos.shaded.io.grpc.netty.shaded.io.netty.channel.nio.NioEventLoop.processSelectedKey(NioEventLoop.java:776)
	at com.alibaba.nacos.shaded.io.grpc.netty.shaded.io.netty.channel.nio.NioEventLoop.processSelectedKeysOptimized(NioEventLoop.java:724)
	at com.alibaba.nacos.shaded.io.grpc.netty.shaded.io.netty.channel.nio.NioEventLoop.processSelectedKeys(NioEventLoop.java:650)
	at com.alibaba.nacos.shaded.io.grpc.netty.shaded.io.netty.channel.nio.NioEventLoop.run(NioEventLoop.java:562)
	at com.alibaba.nacos.shaded.io.grpc.netty.shaded.io.netty.util.concurrent.SingleThreadEventExecutor$4.run(SingleThreadEventExecutor.java:997)
	at com.alibaba.nacos.shaded.io.grpc.netty.shaded.io.netty.util.internal.ThreadExecutorMap$2.run(ThreadExecutorMap.java:74)
	at com.alibaba.nacos.shaded.io.grpc.netty.shaded.io.netty.util.concurrent.FastThreadLocalRunnable.run(FastThreadLocalRunnable.java:30)
	at java.base/java.lang.Thread.run(Thread.java:833)
2026-01-04 23:47:42 [com.alibaba.nacos.client.remote.worker.1] INFO  c.alibaba.nacos.common.remote.client - [7cb09a88-141f-4c35-85a2-86352e4a76fc_config-0] Fail to connect server, after trying 4 times, last try server is {serverIp = '127.0.0.1', server main port = 8848}, error = unknown
2026-01-04 23:47:43 [com.alibaba.nacos.client.remote.worker.1] INFO  c.a.n.c.r.client.grpc.GrpcClient - grpc client connection server:127.0.0.1 ip,serverPort:9848,grpcTslConfig:{"sslProvider":"","enableTls":false,"mutualAuthEnable":false,"trustAll":false}
2026-01-04 23:47:43 [com.alibaba.nacos.client.remote.worker.1] ERROR c.a.n.c.r.client.grpc.GrpcClient - Server check fail, please check server 127.0.0.1 ,port 9848 is available , error ={}
java.util.concurrent.ExecutionException: com.alibaba.nacos.shaded.io.grpc.StatusRuntimeException: UNAVAILABLE: io exception
	at com.alibaba.nacos.shaded.com.google.common.util.concurrent.AbstractFuture.getDoneValue(AbstractFuture.java:592)
	at com.alibaba.nacos.shaded.com.google.common.util.concurrent.AbstractFuture.get(AbstractFuture.java:467)
	at com.alibaba.nacos.common.remote.client.grpc.GrpcClient.serverCheck(GrpcClient.java:243)
	at com.alibaba.nacos.common.remote.client.grpc.GrpcClient.connectToServer(GrpcClient.java:367)
	at com.alibaba.nacos.common.remote.client.RpcClient.reconnect(RpcClient.java:502)
	at com.alibaba.nacos.common.remote.client.RpcClient.lambda$start$1(RpcClient.java:329)
	at java.base/java.util.concurrent.Executors$RunnableAdapter.call(Executors.java:539)
	at java.base/java.util.concurrent.FutureTask.run(FutureTask.java:264)
	at java.base/java.util.concurrent.ScheduledThreadPoolExecutor$ScheduledFutureTask.run(ScheduledThreadPoolExecutor.java:304)
	at java.base/java.util.concurrent.ThreadPoolExecutor.runWorker(ThreadPoolExecutor.java:1136)
	at java.base/java.util.concurrent.ThreadPoolExecutor$Worker.run(ThreadPoolExecutor.java:635)
	at java.base/java.lang.Thread.run(Thread.java:833)
Caused by: com.alibaba.nacos.shaded.io.grpc.StatusRuntimeException: UNAVAILABLE: io exception
	at com.alibaba.nacos.shaded.io.grpc.Status.asRuntimeException(Status.java:537)
	at com.alibaba.nacos.shaded.io.grpc.stub.ClientCalls$UnaryStreamToFuture.onClose(ClientCalls.java:548)
	at com.alibaba.nacos.shaded.io.grpc.internal.DelayedClientCall$DelayedListener$3.run(DelayedClientCall.java:489)
	at com.alibaba.nacos.shaded.io.grpc.internal.DelayedClientCall$DelayedListener.delayOrExecute(DelayedClientCall.java:453)
	at com.alibaba.nacos.shaded.io.grpc.internal.DelayedClientCall$DelayedListener.onClose(DelayedClientCall.java:486)
	at com.alibaba.nacos.shaded.io.grpc.internal.ClientCallImpl.closeObserver(ClientCallImpl.java:567)
	at com.alibaba.nacos.shaded.io.grpc.internal.ClientCallImpl.access$300(ClientCallImpl.java:71)
	at com.alibaba.nacos.shaded.io.grpc.internal.ClientCallImpl$ClientStreamListenerImpl$1StreamClosed.runInternal(ClientCallImpl.java:735)
	at com.alibaba.nacos.shaded.io.grpc.internal.ClientCallImpl$ClientStreamListenerImpl$1StreamClosed.runInContext(ClientCallImpl.java:716)
	at com.alibaba.nacos.shaded.io.grpc.internal.ContextRunnable.run(ContextRunnable.java:37)
	at com.alibaba.nacos.shaded.io.grpc.internal.SerializingExecutor.run(SerializingExecutor.java:133)
	... 3 common frames omitted
Caused by: com.alibaba.nacos.shaded.io.grpc.netty.shaded.io.netty.channel.AbstractChannel$AnnotatedConnectException: Connection refused: no further information: /127.0.0.1:9848
Caused by: java.net.ConnectException: Connection refused: no further information
	at java.base/sun.nio.ch.Net.pollConnect(Native Method)
	at java.base/sun.nio.ch.Net.pollConnectNow(Net.java:672)
	at java.base/sun.nio.ch.SocketChannelImpl.finishConnect(SocketChannelImpl.java:946)
	at com.alibaba.nacos.shaded.io.grpc.netty.shaded.io.netty.channel.socket.nio.NioSocketChannel.doFinishConnect(NioSocketChannel.java:337)
	at com.alibaba.nacos.shaded.io.grpc.netty.shaded.io.netty.channel.nio.AbstractNioChannel$AbstractNioUnsafe.finishConnect(AbstractNioChannel.java:334)
	at com.alibaba.nacos.shaded.io.grpc.netty.shaded.io.netty.channel.nio.NioEventLoop.processSelectedKey(NioEventLoop.java:776)
	at com.alibaba.nacos.shaded.io.grpc.netty.shaded.io.netty.channel.nio.NioEventLoop.processSelectedKeysOptimized(NioEventLoop.java:724)
	at com.alibaba.nacos.shaded.io.grpc.netty.shaded.io.netty.channel.nio.NioEventLoop.processSelectedKeys(NioEventLoop.java:650)
	at com.alibaba.nacos.shaded.io.grpc.netty.shaded.io.netty.channel.nio.NioEventLoop.run(NioEventLoop.java:562)
	at com.alibaba.nacos.shaded.io.grpc.netty.shaded.io.netty.util.concurrent.SingleThreadEventExecutor$4.run(SingleThreadEventExecutor.java:997)
	at com.alibaba.nacos.shaded.io.grpc.netty.shaded.io.netty.util.internal.ThreadExecutorMap$2.run(ThreadExecutorMap.java:74)
	at com.alibaba.nacos.shaded.io.grpc.netty.shaded.io.netty.util.concurrent.FastThreadLocalRunnable.run(FastThreadLocalRunnable.java:30)
	at java.base/java.lang.Thread.run(Thread.java:833)
2026-01-04 23:47:43 [com.alibaba.nacos.client.remote.worker.1] INFO  c.alibaba.nacos.common.remote.client - [7cb09a88-141f-4c35-85a2-86352e4a76fc_config-0] Fail to connect server, after trying 5 times, last try server is {serverIp = '127.0.0.1', server main port = 8848}, error = unknown
2026-01-04 23:47:43 [com.alibaba.nacos.client.remote.worker.1] INFO  c.a.n.c.r.client.grpc.GrpcClient - grpc client connection server:127.0.0.1 ip,serverPort:9848,grpcTslConfig:{"sslProvider":"","enableTls":false,"mutualAuthEnable":false,"trustAll":false}
2026-01-04 23:47:43 [com.alibaba.nacos.client.remote.worker.1] ERROR c.a.n.c.r.client.grpc.GrpcClient - Server check fail, please check server 127.0.0.1 ,port 9848 is available , error ={}
java.util.concurrent.ExecutionException: com.alibaba.nacos.shaded.io.grpc.StatusRuntimeException: UNAVAILABLE: io exception
	at com.alibaba.nacos.shaded.com.google.common.util.concurrent.AbstractFuture.getDoneValue(AbstractFuture.java:592)
	at com.alibaba.nacos.shaded.com.google.common.util.concurrent.AbstractFuture.get(AbstractFuture.java:467)
	at com.alibaba.nacos.common.remote.client.grpc.GrpcClient.serverCheck(GrpcClient.java:243)
	at com.alibaba.nacos.common.remote.client.grpc.GrpcClient.connectToServer(GrpcClient.java:367)
	at com.alibaba.nacos.common.remote.client.RpcClient.reconnect(RpcClient.java:502)
	at com.alibaba.nacos.common.remote.client.RpcClient.lambda$start$1(RpcClient.java:329)
	at java.base/java.util.concurrent.Executors$RunnableAdapter.call(Executors.java:539)
	at java.base/java.util.concurrent.FutureTask.run(FutureTask.java:264)
	at java.base/java.util.concurrent.ScheduledThreadPoolExecutor$ScheduledFutureTask.run(ScheduledThreadPoolExecutor.java:304)
	at java.base/java.util.concurrent.ThreadPoolExecutor.runWorker(ThreadPoolExecutor.java:1136)
	at java.base/java.util.concurrent.ThreadPoolExecutor$Worker.run(ThreadPoolExecutor.java:635)
	at java.base/java.lang.Thread.run(Thread.java:833)
Caused by: com.alibaba.nacos.shaded.io.grpc.StatusRuntimeException: UNAVAILABLE: io exception
	at com.alibaba.nacos.shaded.io.grpc.Status.asRuntimeException(Status.java:537)
	at com.alibaba.nacos.shaded.io.grpc.stub.ClientCalls$UnaryStreamToFuture.onClose(ClientCalls.java:548)
	at com.alibaba.nacos.shaded.io.grpc.internal.DelayedClientCall$DelayedListener$3.run(DelayedClientCall.java:489)
	at com.alibaba.nacos.shaded.io.grpc.internal.DelayedClientCall$DelayedListener.delayOrExecute(DelayedClientCall.java:453)
	at com.alibaba.nacos.shaded.io.grpc.internal.DelayedClientCall$DelayedListener.onClose(DelayedClientCall.java:486)
	at com.alibaba.nacos.shaded.io.grpc.internal.ClientCallImpl.closeObserver(ClientCallImpl.java:567)
	at com.alibaba.nacos.shaded.io.grpc.internal.ClientCallImpl.access$300(ClientCallImpl.java:71)
	at com.alibaba.nacos.shaded.io.grpc.internal.ClientCallImpl$ClientStreamListenerImpl$1StreamClosed.runInternal(ClientCallImpl.java:735)
	at com.alibaba.nacos.shaded.io.grpc.internal.ClientCallImpl$ClientStreamListenerImpl$1StreamClosed.runInContext(ClientCallImpl.java:716)
	at com.alibaba.nacos.shaded.io.grpc.internal.ContextRunnable.run(ContextRunnable.java:37)
	at com.alibaba.nacos.shaded.io.grpc.internal.SerializingExecutor.run(SerializingExecutor.java:133)
	... 3 common frames omitted
Caused by: com.alibaba.nacos.shaded.io.grpc.netty.shaded.io.netty.channel.AbstractChannel$AnnotatedConnectException: Connection refused: no further information: /127.0.0.1:9848
Caused by: java.net.ConnectException: Connection refused: no further information
	at java.base/sun.nio.ch.Net.pollConnect(Native Method)
	at java.base/sun.nio.ch.Net.pollConnectNow(Net.java:672)
	at java.base/sun.nio.ch.SocketChannelImpl.finishConnect(SocketChannelImpl.java:946)
	at com.alibaba.nacos.shaded.io.grpc.netty.shaded.io.netty.channel.socket.nio.NioSocketChannel.doFinishConnect(NioSocketChannel.java:337)
	at com.alibaba.nacos.shaded.io.grpc.netty.shaded.io.netty.channel.nio.AbstractNioChannel$AbstractNioUnsafe.finishConnect(AbstractNioChannel.java:334)
	at com.alibaba.nacos.shaded.io.grpc.netty.shaded.io.netty.channel.nio.NioEventLoop.processSelectedKey(NioEventLoop.java:776)
	at com.alibaba.nacos.shaded.io.grpc.netty.shaded.io.netty.channel.nio.NioEventLoop.processSelectedKeysOptimized(NioEventLoop.java:724)
	at com.alibaba.nacos.shaded.io.grpc.netty.shaded.io.netty.channel.nio.NioEventLoop.processSelectedKeys(NioEventLoop.java:650)
	at com.alibaba.nacos.shaded.io.grpc.netty.shaded.io.netty.channel.nio.NioEventLoop.run(NioEventLoop.java:562)
	at com.alibaba.nacos.shaded.io.grpc.netty.shaded.io.netty.util.concurrent.SingleThreadEventExecutor$4.run(SingleThreadEventExecutor.java:997)
	at com.alibaba.nacos.shaded.io.grpc.netty.shaded.io.netty.util.internal.ThreadExecutorMap$2.run(ThreadExecutorMap.java:74)
	at com.alibaba.nacos.shaded.io.grpc.netty.shaded.io.netty.util.concurrent.FastThreadLocalRunnable.run(FastThreadLocalRunnable.java:30)
	at java.base/java.lang.Thread.run(Thread.java:833)
2026-01-04 23:47:43 [com.alibaba.nacos.client.remote.worker.1] INFO  c.alibaba.nacos.common.remote.client - [7cb09a88-141f-4c35-85a2-86352e4a76fc_config-0] Fail to connect server, after trying 6 times, last try server is {serverIp = '127.0.0.1', server main port = 8848}, error = unknown
2026-01-04 23:47:43 [main] INFO  o.s.b.f.s.DefaultListableBeanFactory - Overriding bean definition for bean 'baiduMap.FeignClientSpecification' with an equivalent definition: replacing [Generic bean: class=org.springframework.cloud.openfeign.FeignClientSpecification; scope=; abstract=false; lazyInit=null; autowireMode=0; dependencyCheck=0; autowireCandidate=true; primary=false; fallback=false; factoryBeanName=null; factoryMethodName=null; initMethodNames=null; destroyMethodNames=null] with [Generic bean: class=org.springframework.cloud.openfeign.FeignClientSpecification; scope=; abstract=false; lazyInit=null; autowireMode=0; dependencyCheck=0; autowireCandidate=true; primary=false; fallback=false; factoryBeanName=null; factoryMethodName=null; initMethodNames=null; destroyMethodNames=null]
2026-01-04 23:47:43 [main] INFO  o.s.b.f.s.DefaultListableBeanFactory - Overriding bean definition for bean 'com.homework.common.feign.BaiduMapClient' with an equivalent definition: replacing [Generic bean: class=org.springframework.cloud.openfeign.FeignClientFactoryBean; scope=; abstract=false; lazyInit=null; autowireMode=2; dependencyCheck=0; autowireCandidate=true; primary=true; fallback=false; factoryBeanName=null; factoryMethodName=null; initMethodNames=null; destroyMethodNames=null] with [Generic bean: class=org.springframework.cloud.openfeign.FeignClientFactoryBean; scope=; abstract=false; lazyInit=null; autowireMode=2; dependencyCheck=0; autowireCandidate=true; primary=true; fallback=false; factoryBeanName=null; factoryMethodName=null; initMethodNames=null; destroyMethodNames=null]
2026-01-04 23:47:43 [main] INFO  o.s.b.f.s.DefaultListableBeanFactory - Overriding bean definition for bean 'ipify.FeignClientSpecification' with an equivalent definition: replacing [Generic bean: class=org.springframework.cloud.openfeign.FeignClientSpecification; scope=; abstract=false; lazyInit=null; autowireMode=0; dependencyCheck=0; autowireCandidate=true; primary=false; fallback=false; factoryBeanName=null; factoryMethodName=null; initMethodNames=null; destroyMethodNames=null] with [Generic bean: class=org.springframework.cloud.openfeign.FeignClientSpecification; scope=; abstract=false; lazyInit=null; autowireMode=0; dependencyCheck=0; autowireCandidate=true; primary=false; fallback=false; factoryBeanName=null; factoryMethodName=null; initMethodNames=null; destroyMethodNames=null]
2026-01-04 23:47:43 [main] INFO  o.s.b.f.s.DefaultListableBeanFactory - Overriding bean definition for bean 'com.homework.common.feign.IpifyClient' with an equivalent definition: replacing [Generic bean: class=org.springframework.cloud.openfeign.FeignClientFactoryBean; scope=; abstract=false; lazyInit=null; autowireMode=2; dependencyCheck=0; autowireCandidate=true; primary=true; fallback=false; factoryBeanName=null; factoryMethodName=null; initMethodNames=null; destroyMethodNames=null] with [Generic bean: class=org.springframework.cloud.openfeign.FeignClientFactoryBean; scope=; abstract=false; lazyInit=null; autowireMode=2; dependencyCheck=0; autowireCandidate=true; primary=true; fallback=false; factoryBeanName=null; factoryMethodName=null; initMethodNames=null; destroyMethodNames=null]
2026-01-04 23:47:43 [main] INFO  o.s.b.f.s.DefaultListableBeanFactory - Overriding bean definition for bean 'python-port.FeignClientSpecification' with an equivalent definition: replacing [Generic bean: class=org.springframework.cloud.openfeign.FeignClientSpecification; scope=; abstract=false; lazyInit=null; autowireMode=0; dependencyCheck=0; autowireCandidate=true; primary=false; fallback=false; factoryBeanName=null; factoryMethodName=null; initMethodNames=null; destroyMethodNames=null] with [Generic bean: class=org.springframework.cloud.openfeign.FeignClientSpecification; scope=; abstract=false; lazyInit=null; autowireMode=0; dependencyCheck=0; autowireCandidate=true; primary=false; fallback=false; factoryBeanName=null; factoryMethodName=null; initMethodNames=null; destroyMethodNames=null]
2026-01-04 23:47:43 [main] INFO  o.s.b.f.s.DefaultListableBeanFactory - Overriding bean definition for bean 'com.homework.common.feign.PythonPortClient' with an equivalent definition: replacing [Generic bean: class=org.springframework.cloud.openfeign.FeignClientFactoryBean; scope=; abstract=false; lazyInit=null; autowireMode=2; dependencyCheck=0; autowireCandidate=true; primary=true; fallback=false; factoryBeanName=null; factoryMethodName=null; initMethodNames=null; destroyMethodNames=null] with [Generic bean: class=org.springframework.cloud.openfeign.FeignClientFactoryBean; scope=; abstract=false; lazyInit=null; autowireMode=2; dependencyCheck=0; autowireCandidate=true; primary=true; fallback=false; factoryBeanName=null; factoryMethodName=null; initMethodNames=null; destroyMethodNames=null]
2026-01-04 23:47:44 [main] INFO  o.s.d.r.c.RepositoryConfigurationDelegate - Multiple Spring Data modules found, entering strict repository configuration mode
2026-01-04 23:47:44 [main] INFO  o.s.d.r.c.RepositoryConfigurationDelegate - Bootstrapping Spring Data JDBC repositories in DEFAULT mode.
2026-01-04 23:47:44 [com.alibaba.nacos.client.remote.worker.1] INFO  c.a.n.c.r.client.grpc.GrpcClient - grpc client connection server:127.0.0.1 ip,serverPort:9848,grpcTslConfig:{"sslProvider":"","enableTls":false,"mutualAuthEnable":false,"trustAll":false}
2026-01-04 23:47:44 [com.alibaba.nacos.client.remote.worker.1] ERROR c.a.n.c.r.client.grpc.GrpcClient - Server check fail, please check server 127.0.0.1 ,port 9848 is available , error ={}
java.util.concurrent.ExecutionException: com.alibaba.nacos.shaded.io.grpc.StatusRuntimeException: UNAVAILABLE: io exception
	at com.alibaba.nacos.shaded.com.google.common.util.concurrent.AbstractFuture.getDoneValue(AbstractFuture.java:592)
	at com.alibaba.nacos.shaded.com.google.common.util.concurrent.AbstractFuture.get(AbstractFuture.java:467)
	at com.alibaba.nacos.common.remote.client.grpc.GrpcClient.serverCheck(GrpcClient.java:243)
	at com.alibaba.nacos.common.remote.client.grpc.GrpcClient.connectToServer(GrpcClient.java:367)
	at com.alibaba.nacos.common.remote.client.RpcClient.reconnect(RpcClient.java:502)
	at com.alibaba.nacos.common.remote.client.RpcClient.lambda$start$1(RpcClient.java:329)
	at java.base/java.util.concurrent.Executors$RunnableAdapter.call(Executors.java:539)
	at java.base/java.util.concurrent.FutureTask.run(FutureTask.java:264)
	at java.base/java.util.concurrent.ScheduledThreadPoolExecutor$ScheduledFutureTask.run(ScheduledThreadPoolExecutor.java:304)
	at java.base/java.util.concurrent.ThreadPoolExecutor.runWorker(ThreadPoolExecutor.java:1136)
	at java.base/java.util.concurrent.ThreadPoolExecutor$Worker.run(ThreadPoolExecutor.java:635)
	at java.base/java.lang.Thread.run(Thread.java:833)
Caused by: com.alibaba.nacos.shaded.io.grpc.StatusRuntimeException: UNAVAILABLE: io exception
	at com.alibaba.nacos.shaded.io.grpc.Status.asRuntimeException(Status.java:537)
	at com.alibaba.nacos.shaded.io.grpc.stub.ClientCalls$UnaryStreamToFuture.onClose(ClientCalls.java:548)
	at com.alibaba.nacos.shaded.io.grpc.internal.DelayedClientCall$DelayedListener$3.run(DelayedClientCall.java:489)
	at com.alibaba.nacos.shaded.io.grpc.internal.DelayedClientCall$DelayedListener.delayOrExecute(DelayedClientCall.java:453)
	at com.alibaba.nacos.shaded.io.grpc.internal.DelayedClientCall$DelayedListener.onClose(DelayedClientCall.java:486)
	at com.alibaba.nacos.shaded.io.grpc.internal.ClientCallImpl.closeObserver(ClientCallImpl.java:567)
	at com.alibaba.nacos.shaded.io.grpc.internal.ClientCallImpl.access$300(ClientCallImpl.java:71)
	at com.alibaba.nacos.shaded.io.grpc.internal.ClientCallImpl$ClientStreamListenerImpl$1StreamClosed.runInternal(ClientCallImpl.java:735)
	at com.alibaba.nacos.shaded.io.grpc.internal.ClientCallImpl$ClientStreamListenerImpl$1StreamClosed.runInContext(ClientCallImpl.java:716)
	at com.alibaba.nacos.shaded.io.grpc.internal.ContextRunnable.run(ContextRunnable.java:37)
	at com.alibaba.nacos.shaded.io.grpc.internal.SerializingExecutor.run(SerializingExecutor.java:133)
	... 3 common frames omitted
Caused by: com.alibaba.nacos.shaded.io.grpc.netty.shaded.io.netty.channel.AbstractChannel$AnnotatedConnectException: Connection refused: no further information: /127.0.0.1:9848
Caused by: java.net.ConnectException: Connection refused: no further information
	at java.base/sun.nio.ch.Net.pollConnect(Native Method)
	at java.base/sun.nio.ch.Net.pollConnectNow(Net.java:672)
	at java.base/sun.nio.ch.SocketChannelImpl.finishConnect(SocketChannelImpl.java:946)
	at com.alibaba.nacos.shaded.io.grpc.netty.shaded.io.netty.channel.socket.nio.NioSocketChannel.doFinishConnect(NioSocketChannel.java:337)
	at com.alibaba.nacos.shaded.io.grpc.netty.shaded.io.netty.channel.nio.AbstractNioChannel$AbstractNioUnsafe.finishConnect(AbstractNioChannel.java:334)
	at com.alibaba.nacos.shaded.io.grpc.netty.shaded.io.netty.channel.nio.NioEventLoop.processSelectedKey(NioEventLoop.java:776)
	at com.alibaba.nacos.shaded.io.grpc.netty.shaded.io.netty.channel.nio.NioEventLoop.processSelectedKeysOptimized(NioEventLoop.java:724)
	at com.alibaba.nacos.shaded.io.grpc.netty.shaded.io.netty.channel.nio.NioEventLoop.processSelectedKeys(NioEventLoop.java:650)
	at com.alibaba.nacos.shaded.io.grpc.netty.shaded.io.netty.channel.nio.NioEventLoop.run(NioEventLoop.java:562)
	at com.alibaba.nacos.shaded.io.grpc.netty.shaded.io.netty.util.concurrent.SingleThreadEventExecutor$4.run(SingleThreadEventExecutor.java:997)
	at com.alibaba.nacos.shaded.io.grpc.netty.shaded.io.netty.util.internal.ThreadExecutorMap$2.run(ThreadExecutorMap.java:74)
	at com.alibaba.nacos.shaded.io.grpc.netty.shaded.io.netty.util.concurrent.FastThreadLocalRunnable.run(FastThreadLocalRunnable.java:30)
	at java.base/java.lang.Thread.run(Thread.java:833)
2026-01-04 23:47:44 [com.alibaba.nacos.client.remote.worker.1] INFO  c.alibaba.nacos.common.remote.client - [7cb09a88-141f-4c35-85a2-86352e4a76fc_config-0] Fail to connect server, after trying 7 times, last try server is {serverIp = '127.0.0.1', server main port = 8848}, error = unknown
2026-01-04 23:47:44 [main] INFO  o.s.d.r.c.RepositoryConfigurationDelegate - Finished Spring Data repository scanning in 20 ms. Found 0 JDBC repository interfaces.
2026-01-04 23:47:44 [main] INFO  o.s.d.r.c.RepositoryConfigurationDelegate - Multiple Spring Data modules found, entering strict repository configuration mode
2026-01-04 23:47:44 [main] INFO  o.s.d.r.c.RepositoryConfigurationDelegate - Bootstrapping Spring Data JPA repositories in DEFAULT mode.
2026-01-04 23:47:44 [main] INFO  o.s.d.r.c.RepositoryConfigurationDelegate - Finished Spring Data repository scanning in 11 ms. Found 0 JPA repository interfaces.
2026-01-04 23:47:44 [main] WARN  o.s.b.w.s.s.c.AnnotationConfigServletWebServerApplicationContext - Exception encountered during context initialization - cancelling refresh attempt: java.lang.IllegalStateException: Failed to generate bean name for imported class 'org.springframework.cloud.autoconfigure.LifecycleMvcEndpointAutoConfiguration'
2026-01-04 23:47:44 [main] INFO  o.s.b.a.l.ConditionEvaluationReportLogger - 

Error starting ApplicationContext. To display the condition evaluation report re-run your application with 'debug' enabled.
2026-01-04 23:47:44 [main] ERROR o.s.boot.SpringApplication - Application run failed
java.lang.IllegalStateException: Failed to generate bean name for imported class 'org.springframework.cloud.autoconfigure.LifecycleMvcEndpointAutoConfiguration'
	at org.springframework.context.annotation.ConfigurationClassBeanDefinitionReader.registerBeanDefinitionForImportedConfigurationClass(ConfigurationClassBeanDefinitionReader.java:172)
	at org.springframework.context.annotation.ConfigurationClassBeanDefinitionReader.loadBeanDefinitionsForConfigurationClass(ConfigurationClassBeanDefinitionReader.java:145)
	at org.springframework.context.annotation.ConfigurationClassBeanDefinitionReader.loadBeanDefinitions(ConfigurationClassBeanDefinitionReader.java:124)
	at org.springframework.context.annotation.ConfigurationClassPostProcessor.processConfigBeanDefinitions(ConfigurationClassPostProcessor.java:458)
	at org.springframework.context.annotation.ConfigurationClassPostProcessor.postProcessBeanDefinitionRegistry(ConfigurationClassPostProcessor.java:310)
	at org.springframework.context.support.PostProcessorRegistrationDelegate.invokeBeanDefinitionRegistryPostProcessors(PostProcessorRegistrationDelegate.java:349)
	at org.springframework.context.support.PostProcessorRegistrationDelegate.invokeBeanFactoryPostProcessors(PostProcessorRegistrationDelegate.java:118)
	at org.springframework.context.support.AbstractApplicationContext.invokeBeanFactoryPostProcessors(AbstractApplicationContext.java:794)
	at org.springframework.context.support.AbstractApplicationContext.refresh(AbstractApplicationContext.java:602)
	at org.springframework.boot.web.server.servlet.context.ServletWebServerApplicationContext.refresh(ServletWebServerApplicationContext.java:143)
	at org.springframework.boot.SpringApplication.refresh(SpringApplication.java:756)
	at org.springframework.boot.SpringApplication.refreshContext(SpringApplication.java:445)
	at org.springframework.boot.SpringApplication.run(SpringApplication.java:321)
	at org.springframework.boot.SpringApplication.run(SpringApplication.java:1365)
	at org.springframework.boot.SpringApplication.run(SpringApplication.java:1354)
	at com.homework.recognition.RecognitionApplication.main(RecognitionApplication.java:17)
Caused by: java.lang.IllegalArgumentException: Could not find class [org.springframework.boot.autoconfigure.web.servlet.WebMvcAutoConfiguration]
	at org.springframework.util.ClassUtils.resolveClassName(ClassUtils.java:353)
	at org.springframework.core.annotation.TypeMappedAnnotation.adapt(TypeMappedAnnotation.java:451)
	at org.springframework.core.annotation.TypeMappedAnnotation.getValue(TypeMappedAnnotation.java:384)
	at org.springframework.core.annotation.TypeMappedAnnotation.asMap(TypeMappedAnnotation.java:273)
	at org.springframework.core.annotation.AbstractMergedAnnotation.asAnnotationAttributes(AbstractMergedAnnotation.java:191)
	at org.springframework.context.annotation.AnnotationBeanNameGenerator.determineBeanNameFromAnnotation(AnnotationBeanNameGenerator.java:143)
	at org.springframework.context.annotation.AnnotationBeanNameGenerator.generateBeanName(AnnotationBeanNameGenerator.java:110)
	at org.springframework.context.annotation.ConfigurationClassBeanDefinitionReader.registerBeanDefinitionForImportedConfigurationClass(ConfigurationClassBeanDefinitionReader.java:168)
	... 15 common frames omitted
Caused by: java.lang.ClassNotFoundException: org.springframework.boot.autoconfigure.web.servlet.WebMvcAutoConfiguration
	at java.base/jdk.internal.loader.BuiltinClassLoader.loadClass(BuiltinClassLoader.java:641)
	at java.base/jdk.internal.loader.ClassLoaders$AppClassLoader.loadClass(ClassLoaders.java:188)
	at java.base/java.lang.ClassLoader.loadClass(ClassLoader.java:520)
	at java.base/java.lang.Class.forName0(Native Method)
	at java.base/java.lang.Class.forName(Class.java:467)
	at org.springframework.util.ClassUtils.forName(ClassUtils.java:302)
	at org.springframework.util.ClassUtils.resolveClassName(ClassUtils.java:343)
	... 22 common frames omitted
2026-01-04 23:47:44 [Thread-2] WARN  c.a.n.c.http.HttpClientBeanHolder - [HttpClientBeanHolder] Start destroying common HttpClient
2026-01-04 23:47:44 [Thread-5] WARN  c.a.nacos.common.notify.NotifyCenter - [NotifyCenter] Start destroying Publisher
2026-01-04 23:47:44 [Thread-5] WARN  c.a.nacos.common.notify.NotifyCenter - [NotifyCenter] Destruction of the end
2026-01-04 23:47:44 [Thread-2] WARN  c.a.n.c.http.HttpClientBeanHolder - [HttpClientBeanHolder] Destruction of the end
2026-01-04 23:48:38 [main] INFO  c.a.nacos.client.utils.ParamUtil - [settings] [req-serv] nacos-server port:8848
2026-01-04 23:48:38 [main] INFO  c.a.nacos.client.utils.ParamUtil - [settings] [http-client] connect timeout:1000
2026-01-04 23:48:38 [main] INFO  c.a.nacos.client.utils.ParamUtil - PER_TASK_CONFIG_SIZE: 3000.0
2026-01-04 23:48:38 [main] INFO  com.alibaba.nacos.common.labels - DefaultLabelsCollectorManager get labels.....
2026-01-04 23:48:38 [main] INFO  com.alibaba.nacos.common.labels - Process LabelsCollector with [name:defaultNacosLabelsCollector]
2026-01-04 23:48:38 [main] INFO  com.alibaba.nacos.common.labels - default nacos collect properties raw labels: null
2026-01-04 23:48:38 [main] INFO  com.alibaba.nacos.common.labels - default nacos collect properties labels: {}
2026-01-04 23:48:38 [main] INFO  com.alibaba.nacos.common.labels - default nacos collect jvm raw labels: null
2026-01-04 23:48:38 [main] INFO  com.alibaba.nacos.common.labels - default nacos collect jvm labels: {}
2026-01-04 23:48:38 [main] INFO  com.alibaba.nacos.common.labels - default nacos collect env raw labels: null
2026-01-04 23:48:38 [main] INFO  com.alibaba.nacos.common.labels - default nacos collect env labels: {}
2026-01-04 23:48:38 [main] INFO  com.alibaba.nacos.common.labels - DefaultLabelsCollectorManager get labels finished,labels :{}
2026-01-04 23:48:38 [Thread-1] INFO  c.a.n.c.a.r.i.CredentialWatcher - null No credential found
2026-01-04 23:48:38 [main] INFO  c.a.n.p.a.s.c.ClientAuthPluginManager - [ClientAuthPluginManager] Load ClientAuthService com.alibaba.nacos.client.auth.impl.NacosClientAuthServiceImpl success.
2026-01-04 23:48:38 [main] INFO  c.a.n.p.a.s.c.ClientAuthPluginManager - [ClientAuthPluginManager] Load ClientAuthService com.alibaba.nacos.client.auth.ram.RamClientAuthServiceImpl success.
2026-01-04 23:48:38 [main] INFO  c.a.n.c.c.i.LocalConfigInfoProcessor - LOCAL_SNAPSHOT_PATH:C:\Users\24148\nacos\config
2026-01-04 23:48:38 [main] INFO  c.alibaba.nacos.common.remote.client - [RpcClientFactory] create a new rpc client of f09a4356-e6e4-4f68-b11f-e33a95065845_config-0
2026-01-04 23:48:39 [main] INFO  c.alibaba.nacos.common.remote.client - [f09a4356-e6e4-4f68-b11f-e33a95065845_config-0] Register server push request handler:com.alibaba.nacos.client.config.impl.ClientWorker$ConfigRpcTransportClient$$Lambda$694/0x0000000800f7db50
2026-01-04 23:48:39 [main] INFO  c.alibaba.nacos.common.remote.client - [f09a4356-e6e4-4f68-b11f-e33a95065845_config-0] Register server push request handler:com.alibaba.nacos.client.config.impl.ClientWorker$ConfigRpcTransportClient$$Lambda$695/0x0000000800f7df70
2026-01-04 23:48:39 [main] INFO  c.alibaba.nacos.common.remote.client - [f09a4356-e6e4-4f68-b11f-e33a95065845_config-0] Registry connection listener to current client:com.alibaba.nacos.client.config.impl.ClientWorker$ConfigRpcTransportClient$1
2026-01-04 23:48:39 [main] INFO  c.alibaba.nacos.common.remote.client - [f09a4356-e6e4-4f68-b11f-e33a95065845_config-0] RpcClient init, ServerListFactory = com.alibaba.nacos.client.config.impl.ClientWorker$ConfigRpcTransportClient$2
2026-01-04 23:48:39 [main] INFO  c.alibaba.nacos.common.remote.client - [f09a4356-e6e4-4f68-b11f-e33a95065845_config-0] Try to connect to server on start up, server: {serverIp = '127.0.0.1', server main port = 8848}
2026-01-04 23:48:39 [main] INFO  c.a.n.c.r.client.grpc.GrpcClient - grpc client connection server:127.0.0.1 ip,serverPort:9848,grpcTslConfig:{"sslProvider":"","enableTls":false,"mutualAuthEnable":false,"trustAll":false}
2026-01-04 23:48:39 [main] INFO  c.a.n.c.a.AbstractAbilityControlManager - Ready to get current node abilities...
2026-01-04 23:48:39 [main] INFO  c.a.n.c.a.AbstractAbilityControlManager - Ready to initialize current node abilities, support modes: [SDK_CLIENT]
2026-01-04 23:48:39 [main] INFO  c.a.n.c.a.AbstractAbilityControlManager - Initialize current abilities finish...
2026-01-04 23:48:39 [main] INFO  c.a.n.c.a.d.NacosAbilityManagerHolder - [AbilityControlManager] Successfully initialize AbilityControlManager
2026-01-04 23:48:40 [main] INFO  c.alibaba.nacos.common.remote.client - [f09a4356-e6e4-4f68-b11f-e33a95065845_config-0] Success to connect to server [127.0.0.1:8848] on start up, connectionId = 1767541719803_127.0.0.1_62760
2026-01-04 23:48:40 [main] INFO  c.alibaba.nacos.common.remote.client - [f09a4356-e6e4-4f68-b11f-e33a95065845_config-0] Register server push request handler:com.alibaba.nacos.common.remote.client.RpcClient$ConnectResetRequestHandler
2026-01-04 23:48:40 [com.alibaba.nacos.client.remote.worker.0] INFO  c.alibaba.nacos.common.remote.client - [f09a4356-e6e4-4f68-b11f-e33a95065845_config-0] Notify connected event to listeners.
2026-01-04 23:48:40 [com.alibaba.nacos.client.remote.worker.0] INFO  c.a.n.c.config.impl.ClientWorker - [f09a4356-e6e4-4f68-b11f-e33a95065845_config-0] Connected,notify listen context...
2026-01-04 23:48:40 [main] INFO  c.alibaba.nacos.common.remote.client - [f09a4356-e6e4-4f68-b11f-e33a95065845_config-0] Register server push request handler:com.alibaba.nacos.common.remote.client.RpcClient$$Lambda$717/0x0000000801119918
2026-01-04 23:48:40 [main] INFO  c.a.nacos.client.config.impl.Limiter - limitTime:5.0
2026-01-04 23:48:40 [main] WARN  c.a.c.n.c.NacosPropertySourceBuilder - Ignore the empty nacos configuration and get it based on dataId[recognition] & group[DEFAULT_GROUP]
2026-01-04 23:48:40 [main] WARN  c.a.c.n.c.NacosPropertySourceBuilder - Ignore the empty nacos configuration and get it based on dataId[recognition.properties] & group[DEFAULT_GROUP]
2026-01-04 23:48:40 [main] INFO  o.s.c.b.c.PropertySourceBootstrapConfiguration - Located property source: [BootstrapPropertySource {name='bootstrapProperties-recognition.properties,DEFAULT_GROUP'}, BootstrapPropertySource {name='bootstrapProperties-recognition,DEFAULT_GROUP'}]
2026-01-04 23:48:40 [main] INFO  c.h.r.RecognitionApplication - No active profile set, falling back to 1 default profile: "default"
2026-01-04 23:48:41 [main] INFO  o.s.b.f.s.DefaultListableBeanFactory - Overriding bean definition for bean 'baiduMap.FeignClientSpecification' with an equivalent definition: replacing [Generic bean: class=org.springframework.cloud.openfeign.FeignClientSpecification; scope=; abstract=false; lazyInit=null; autowireMode=0; dependencyCheck=0; autowireCandidate=true; primary=false; fallback=false; factoryBeanName=null; factoryMethodName=null; initMethodNames=null; destroyMethodNames=null] with [Generic bean: class=org.springframework.cloud.openfeign.FeignClientSpecification; scope=; abstract=false; lazyInit=null; autowireMode=0; dependencyCheck=0; autowireCandidate=true; primary=false; fallback=false; factoryBeanName=null; factoryMethodName=null; initMethodNames=null; destroyMethodNames=null]
2026-01-04 23:48:41 [main] INFO  o.s.b.f.s.DefaultListableBeanFactory - Overriding bean definition for bean 'com.homework.common.feign.BaiduMapClient' with an equivalent definition: replacing [Generic bean: class=org.springframework.cloud.openfeign.FeignClientFactoryBean; scope=; abstract=false; lazyInit=null; autowireMode=2; dependencyCheck=0; autowireCandidate=true; primary=true; fallback=false; factoryBeanName=null; factoryMethodName=null; initMethodNames=null; destroyMethodNames=null] with [Generic bean: class=org.springframework.cloud.openfeign.FeignClientFactoryBean; scope=; abstract=false; lazyInit=null; autowireMode=2; dependencyCheck=0; autowireCandidate=true; primary=true; fallback=false; factoryBeanName=null; factoryMethodName=null; initMethodNames=null; destroyMethodNames=null]
2026-01-04 23:48:41 [main] INFO  o.s.b.f.s.DefaultListableBeanFactory - Overriding bean definition for bean 'ipify.FeignClientSpecification' with an equivalent definition: replacing [Generic bean: class=org.springframework.cloud.openfeign.FeignClientSpecification; scope=; abstract=false; lazyInit=null; autowireMode=0; dependencyCheck=0; autowireCandidate=true; primary=false; fallback=false; factoryBeanName=null; factoryMethodName=null; initMethodNames=null; destroyMethodNames=null] with [Generic bean: class=org.springframework.cloud.openfeign.FeignClientSpecification; scope=; abstract=false; lazyInit=null; autowireMode=0; dependencyCheck=0; autowireCandidate=true; primary=false; fallback=false; factoryBeanName=null; factoryMethodName=null; initMethodNames=null; destroyMethodNames=null]
2026-01-04 23:48:41 [main] INFO  o.s.b.f.s.DefaultListableBeanFactory - Overriding bean definition for bean 'com.homework.common.feign.IpifyClient' with an equivalent definition: replacing [Generic bean: class=org.springframework.cloud.openfeign.FeignClientFactoryBean; scope=; abstract=false; lazyInit=null; autowireMode=2; dependencyCheck=0; autowireCandidate=true; primary=true; fallback=false; factoryBeanName=null; factoryMethodName=null; initMethodNames=null; destroyMethodNames=null] with [Generic bean: class=org.springframework.cloud.openfeign.FeignClientFactoryBean; scope=; abstract=false; lazyInit=null; autowireMode=2; dependencyCheck=0; autowireCandidate=true; primary=true; fallback=false; factoryBeanName=null; factoryMethodName=null; initMethodNames=null; destroyMethodNames=null]
2026-01-04 23:48:41 [main] INFO  o.s.b.f.s.DefaultListableBeanFactory - Overriding bean definition for bean 'python-port.FeignClientSpecification' with an equivalent definition: replacing [Generic bean: class=org.springframework.cloud.openfeign.FeignClientSpecification; scope=; abstract=false; lazyInit=null; autowireMode=0; dependencyCheck=0; autowireCandidate=true; primary=false; fallback=false; factoryBeanName=null; factoryMethodName=null; initMethodNames=null; destroyMethodNames=null] with [Generic bean: class=org.springframework.cloud.openfeign.FeignClientSpecification; scope=; abstract=false; lazyInit=null; autowireMode=0; dependencyCheck=0; autowireCandidate=true; primary=false; fallback=false; factoryBeanName=null; factoryMethodName=null; initMethodNames=null; destroyMethodNames=null]
2026-01-04 23:48:41 [main] INFO  o.s.b.f.s.DefaultListableBeanFactory - Overriding bean definition for bean 'com.homework.common.feign.PythonPortClient' with an equivalent definition: replacing [Generic bean: class=org.springframework.cloud.openfeign.FeignClientFactoryBean; scope=; abstract=false; lazyInit=null; autowireMode=2; dependencyCheck=0; autowireCandidate=true; primary=true; fallback=false; factoryBeanName=null; factoryMethodName=null; initMethodNames=null; destroyMethodNames=null] with [Generic bean: class=org.springframework.cloud.openfeign.FeignClientFactoryBean; scope=; abstract=false; lazyInit=null; autowireMode=2; dependencyCheck=0; autowireCandidate=true; primary=true; fallback=false; factoryBeanName=null; factoryMethodName=null; initMethodNames=null; destroyMethodNames=null]
2026-01-04 23:48:41 [main] INFO  o.s.d.r.c.RepositoryConfigurationDelegate - Multiple Spring Data modules found, entering strict repository configuration mode
2026-01-04 23:48:41 [main] INFO  o.s.d.r.c.RepositoryConfigurationDelegate - Bootstrapping Spring Data JDBC repositories in DEFAULT mode.
2026-01-04 23:48:41 [main] INFO  o.s.d.r.c.RepositoryConfigurationDelegate - Finished Spring Data repository scanning in 9 ms. Found 0 JDBC repository interfaces.
2026-01-04 23:48:41 [main] INFO  o.s.d.r.c.RepositoryConfigurationDelegate - Multiple Spring Data modules found, entering strict repository configuration mode
2026-01-04 23:48:41 [main] INFO  o.s.d.r.c.RepositoryConfigurationDelegate - Bootstrapping Spring Data JPA repositories in DEFAULT mode.
2026-01-04 23:48:41 [main] INFO  o.s.d.r.c.RepositoryConfigurationDelegate - Finished Spring Data repository scanning in 3 ms. Found 0 JPA repository interfaces.
2026-01-04 23:48:41 [main] WARN  o.s.b.w.s.s.c.AnnotationConfigServletWebServerApplicationContext - Exception encountered during context initialization - cancelling refresh attempt: java.lang.IllegalStateException: Failed to generate bean name for imported class 'org.springframework.cloud.autoconfigure.LifecycleMvcEndpointAutoConfiguration'
2026-01-04 23:48:41 [main] INFO  o.s.b.a.l.ConditionEvaluationReportLogger - 

Error starting ApplicationContext. To display the condition evaluation report re-run your application with 'debug' enabled.
2026-01-04 23:48:41 [main] ERROR o.s.boot.SpringApplication - Application run failed
java.lang.IllegalStateException: Failed to generate bean name for imported class 'org.springframework.cloud.autoconfigure.LifecycleMvcEndpointAutoConfiguration'
	at org.springframework.context.annotation.ConfigurationClassBeanDefinitionReader.registerBeanDefinitionForImportedConfigurationClass(ConfigurationClassBeanDefinitionReader.java:172)
	at org.springframework.context.annotation.ConfigurationClassBeanDefinitionReader.loadBeanDefinitionsForConfigurationClass(ConfigurationClassBeanDefinitionReader.java:145)
	at org.springframework.context.annotation.ConfigurationClassBeanDefinitionReader.loadBeanDefinitions(ConfigurationClassBeanDefinitionReader.java:124)
	at org.springframework.context.annotation.ConfigurationClassPostProcessor.processConfigBeanDefinitions(ConfigurationClassPostProcessor.java:458)
	at org.springframework.context.annotation.ConfigurationClassPostProcessor.postProcessBeanDefinitionRegistry(ConfigurationClassPostProcessor.java:310)
	at org.springframework.context.support.PostProcessorRegistrationDelegate.invokeBeanDefinitionRegistryPostProcessors(PostProcessorRegistrationDelegate.java:349)
	at org.springframework.context.support.PostProcessorRegistrationDelegate.invokeBeanFactoryPostProcessors(PostProcessorRegistrationDelegate.java:118)
	at org.springframework.context.support.AbstractApplicationContext.invokeBeanFactoryPostProcessors(AbstractApplicationContext.java:794)
	at org.springframework.context.support.AbstractApplicationContext.refresh(AbstractApplicationContext.java:602)
	at org.springframework.boot.web.server.servlet.context.ServletWebServerApplicationContext.refresh(ServletWebServerApplicationContext.java:143)
	at org.springframework.boot.SpringApplication.refresh(SpringApplication.java:756)
	at org.springframework.boot.SpringApplication.refreshContext(SpringApplication.java:445)
	at org.springframework.boot.SpringApplication.run(SpringApplication.java:321)
	at org.springframework.boot.SpringApplication.run(SpringApplication.java:1365)
	at org.springframework.boot.SpringApplication.run(SpringApplication.java:1354)
	at com.homework.recognition.RecognitionApplication.main(RecognitionApplication.java:17)
Caused by: java.lang.IllegalArgumentException: Could not find class [org.springframework.boot.autoconfigure.web.servlet.WebMvcAutoConfiguration]
	at org.springframework.util.ClassUtils.resolveClassName(ClassUtils.java:353)
	at org.springframework.core.annotation.TypeMappedAnnotation.adapt(TypeMappedAnnotation.java:451)
	at org.springframework.core.annotation.TypeMappedAnnotation.getValue(TypeMappedAnnotation.java:384)
	at org.springframework.core.annotation.TypeMappedAnnotation.asMap(TypeMappedAnnotation.java:273)
	at org.springframework.core.annotation.AbstractMergedAnnotation.asAnnotationAttributes(AbstractMergedAnnotation.java:191)
	at org.springframework.context.annotation.AnnotationBeanNameGenerator.determineBeanNameFromAnnotation(AnnotationBeanNameGenerator.java:143)
	at org.springframework.context.annotation.AnnotationBeanNameGenerator.generateBeanName(AnnotationBeanNameGenerator.java:110)
	at org.springframework.context.annotation.ConfigurationClassBeanDefinitionReader.registerBeanDefinitionForImportedConfigurationClass(ConfigurationClassBeanDefinitionReader.java:168)
	... 15 common frames omitted
Caused by: java.lang.ClassNotFoundException: org.springframework.boot.autoconfigure.web.servlet.WebMvcAutoConfiguration
	at java.base/jdk.internal.loader.BuiltinClassLoader.loadClass(BuiltinClassLoader.java:641)
	at java.base/jdk.internal.loader.ClassLoaders$AppClassLoader.loadClass(ClassLoaders.java:188)
	at java.base/java.lang.ClassLoader.loadClass(ClassLoader.java:520)
	at java.base/java.lang.Class.forName0(Native Method)
	at java.base/java.lang.Class.forName(Class.java:467)
	at org.springframework.util.ClassUtils.forName(ClassUtils.java:302)
	at org.springframework.util.ClassUtils.resolveClassName(ClassUtils.java:343)
	... 22 common frames omitted
2026-01-04 23:48:41 [Thread-2] WARN  c.a.n.c.http.HttpClientBeanHolder - [HttpClientBeanHolder] Start destroying common HttpClient
2026-01-04 23:48:41 [Thread-5] WARN  c.a.nacos.common.notify.NotifyCenter - [NotifyCenter] Start destroying Publisher
2026-01-04 23:48:41 [Thread-5] WARN  c.a.nacos.common.notify.NotifyCenter - [NotifyCenter] Destruction of the end
2026-01-04 23:49:04 [main] INFO  c.a.nacos.client.utils.ParamUtil - [settings] [req-serv] nacos-server port:8848
2026-01-04 23:49:04 [main] INFO  c.a.nacos.client.utils.ParamUtil - [settings] [http-client] connect timeout:1000
2026-01-04 23:49:04 [main] INFO  c.a.nacos.client.utils.ParamUtil - PER_TASK_CONFIG_SIZE: 3000.0
2026-01-04 23:49:05 [Thread-1] INFO  c.a.n.c.a.r.i.CredentialWatcher - null No credential found
2026-01-04 23:49:05 [main] INFO  com.alibaba.nacos.common.labels - DefaultLabelsCollectorManager get labels.....
2026-01-04 23:49:05 [main] INFO  com.alibaba.nacos.common.labels - Process LabelsCollector with [name:defaultNacosLabelsCollector]
2026-01-04 23:49:05 [main] INFO  com.alibaba.nacos.common.labels - default nacos collect properties raw labels: null
2026-01-04 23:49:05 [main] INFO  com.alibaba.nacos.common.labels - default nacos collect properties labels: {}
2026-01-04 23:49:05 [main] INFO  com.alibaba.nacos.common.labels - default nacos collect jvm raw labels: null
2026-01-04 23:49:05 [main] INFO  com.alibaba.nacos.common.labels - default nacos collect jvm labels: {}
2026-01-04 23:49:05 [main] INFO  com.alibaba.nacos.common.labels - default nacos collect env raw labels: null
2026-01-04 23:49:05 [main] INFO  com.alibaba.nacos.common.labels - default nacos collect env labels: {}
2026-01-04 23:49:05 [main] INFO  com.alibaba.nacos.common.labels - DefaultLabelsCollectorManager get labels finished,labels :{}
2026-01-04 23:49:05 [main] INFO  c.a.n.p.a.s.c.ClientAuthPluginManager - [ClientAuthPluginManager] Load ClientAuthService com.alibaba.nacos.client.auth.impl.NacosClientAuthServiceImpl success.
2026-01-04 23:49:05 [main] INFO  c.a.n.p.a.s.c.ClientAuthPluginManager - [ClientAuthPluginManager] Load ClientAuthService com.alibaba.nacos.client.auth.ram.RamClientAuthServiceImpl success.
2026-01-04 23:49:05 [main] INFO  c.a.n.c.c.i.LocalConfigInfoProcessor - LOCAL_SNAPSHOT_PATH:C:\Users\24148\nacos\config
2026-01-04 23:49:05 [main] INFO  c.alibaba.nacos.common.remote.client - [RpcClientFactory] create a new rpc client of 77b7f2bf-421e-4d33-8926-5a16e44d1907_config-0
2026-01-04 23:49:05 [main] INFO  c.alibaba.nacos.common.remote.client - [77b7f2bf-421e-4d33-8926-5a16e44d1907_config-0] Register server push request handler:com.alibaba.nacos.client.config.impl.ClientWorker$ConfigRpcTransportClient$$Lambda$694/0x0000000800f7eb48
2026-01-04 23:49:05 [main] INFO  c.alibaba.nacos.common.remote.client - [77b7f2bf-421e-4d33-8926-5a16e44d1907_config-0] Register server push request handler:com.alibaba.nacos.client.config.impl.ClientWorker$ConfigRpcTransportClient$$Lambda$695/0x0000000800f7ef68
2026-01-04 23:49:05 [main] INFO  c.alibaba.nacos.common.remote.client - [77b7f2bf-421e-4d33-8926-5a16e44d1907_config-0] Registry connection listener to current client:com.alibaba.nacos.client.config.impl.ClientWorker$ConfigRpcTransportClient$1
2026-01-04 23:49:05 [main] INFO  c.alibaba.nacos.common.remote.client - [77b7f2bf-421e-4d33-8926-5a16e44d1907_config-0] RpcClient init, ServerListFactory = com.alibaba.nacos.client.config.impl.ClientWorker$ConfigRpcTransportClient$2
2026-01-04 23:49:05 [main] INFO  c.alibaba.nacos.common.remote.client - [77b7f2bf-421e-4d33-8926-5a16e44d1907_config-0] Try to connect to server on start up, server: {serverIp = '127.0.0.1', server main port = 8848}
2026-01-04 23:49:05 [main] INFO  c.a.n.c.r.client.grpc.GrpcClient - grpc client connection server:127.0.0.1 ip,serverPort:9848,grpcTslConfig:{"sslProvider":"","enableTls":false,"mutualAuthEnable":false,"trustAll":false}
2026-01-04 23:49:06 [main] INFO  c.a.n.c.a.AbstractAbilityControlManager - Ready to get current node abilities...
2026-01-04 23:49:06 [main] INFO  c.a.n.c.a.AbstractAbilityControlManager - Ready to initialize current node abilities, support modes: [SDK_CLIENT]
2026-01-04 23:49:06 [main] INFO  c.a.n.c.a.AbstractAbilityControlManager - Initialize current abilities finish...
2026-01-04 23:49:06 [main] INFO  c.a.n.c.a.d.NacosAbilityManagerHolder - [AbilityControlManager] Successfully initialize AbilityControlManager
2026-01-04 23:49:06 [main] INFO  c.alibaba.nacos.common.remote.client - [77b7f2bf-421e-4d33-8926-5a16e44d1907_config-0] Success to connect to server [127.0.0.1:8848] on start up, connectionId = 1767541746441_127.0.0.1_62896
2026-01-04 23:49:06 [com.alibaba.nacos.client.remote.worker.0] INFO  c.alibaba.nacos.common.remote.client - [77b7f2bf-421e-4d33-8926-5a16e44d1907_config-0] Notify connected event to listeners.
2026-01-04 23:49:06 [main] INFO  c.alibaba.nacos.common.remote.client - [77b7f2bf-421e-4d33-8926-5a16e44d1907_config-0] Register server push request handler:com.alibaba.nacos.common.remote.client.RpcClient$ConnectResetRequestHandler
2026-01-04 23:49:06 [com.alibaba.nacos.client.remote.worker.0] INFO  c.a.n.c.config.impl.ClientWorker - [77b7f2bf-421e-4d33-8926-5a16e44d1907_config-0] Connected,notify listen context...
2026-01-04 23:49:06 [main] INFO  c.alibaba.nacos.common.remote.client - [77b7f2bf-421e-4d33-8926-5a16e44d1907_config-0] Register server push request handler:com.alibaba.nacos.common.remote.client.RpcClient$$Lambda$717/0x000000080111ade0
2026-01-04 23:49:06 [main] INFO  c.a.nacos.client.config.impl.Limiter - limitTime:5.0
2026-01-04 23:49:06 [main] WARN  c.a.c.n.c.NacosPropertySourceBuilder - Ignore the empty nacos configuration and get it based on dataId[recognition] & group[DEFAULT_GROUP]
2026-01-04 23:49:06 [main] WARN  c.a.c.n.c.NacosPropertySourceBuilder - Ignore the empty nacos configuration and get it based on dataId[recognition.properties] & group[DEFAULT_GROUP]
2026-01-04 23:49:06 [main] INFO  o.s.c.b.c.PropertySourceBootstrapConfiguration - Located property source: [BootstrapPropertySource {name='bootstrapProperties-recognition.properties,DEFAULT_GROUP'}, BootstrapPropertySource {name='bootstrapProperties-recognition,DEFAULT_GROUP'}]
2026-01-04 23:49:06 [main] INFO  c.h.r.RecognitionApplication - No active profile set, falling back to 1 default profile: "default"
2026-01-04 23:49:07 [main] INFO  o.s.b.f.s.DefaultListableBeanFactory - Overriding bean definition for bean 'baiduMap.FeignClientSpecification' with an equivalent definition: replacing [Generic bean: class=org.springframework.cloud.openfeign.FeignClientSpecification; scope=; abstract=false; lazyInit=null; autowireMode=0; dependencyCheck=0; autowireCandidate=true; primary=false; fallback=false; factoryBeanName=null; factoryMethodName=null; initMethodNames=null; destroyMethodNames=null] with [Generic bean: class=org.springframework.cloud.openfeign.FeignClientSpecification; scope=; abstract=false; lazyInit=null; autowireMode=0; dependencyCheck=0; autowireCandidate=true; primary=false; fallback=false; factoryBeanName=null; factoryMethodName=null; initMethodNames=null; destroyMethodNames=null]
2026-01-04 23:49:07 [main] INFO  o.s.b.f.s.DefaultListableBeanFactory - Overriding bean definition for bean 'com.homework.common.feign.BaiduMapClient' with an equivalent definition: replacing [Generic bean: class=org.springframework.cloud.openfeign.FeignClientFactoryBean; scope=; abstract=false; lazyInit=null; autowireMode=2; dependencyCheck=0; autowireCandidate=true; primary=true; fallback=false; factoryBeanName=null; factoryMethodName=null; initMethodNames=null; destroyMethodNames=null] with [Generic bean: class=org.springframework.cloud.openfeign.FeignClientFactoryBean; scope=; abstract=false; lazyInit=null; autowireMode=2; dependencyCheck=0; autowireCandidate=true; primary=true; fallback=false; factoryBeanName=null; factoryMethodName=null; initMethodNames=null; destroyMethodNames=null]
2026-01-04 23:49:07 [main] INFO  o.s.b.f.s.DefaultListableBeanFactory - Overriding bean definition for bean 'ipify.FeignClientSpecification' with an equivalent definition: replacing [Generic bean: class=org.springframework.cloud.openfeign.FeignClientSpecification; scope=; abstract=false; lazyInit=null; autowireMode=0; dependencyCheck=0; autowireCandidate=true; primary=false; fallback=false; factoryBeanName=null; factoryMethodName=null; initMethodNames=null; destroyMethodNames=null] with [Generic bean: class=org.springframework.cloud.openfeign.FeignClientSpecification; scope=; abstract=false; lazyInit=null; autowireMode=0; dependencyCheck=0; autowireCandidate=true; primary=false; fallback=false; factoryBeanName=null; factoryMethodName=null; initMethodNames=null; destroyMethodNames=null]
2026-01-04 23:49:07 [main] INFO  o.s.b.f.s.DefaultListableBeanFactory - Overriding bean definition for bean 'com.homework.common.feign.IpifyClient' with an equivalent definition: replacing [Generic bean: class=org.springframework.cloud.openfeign.FeignClientFactoryBean; scope=; abstract=false; lazyInit=null; autowireMode=2; dependencyCheck=0; autowireCandidate=true; primary=true; fallback=false; factoryBeanName=null; factoryMethodName=null; initMethodNames=null; destroyMethodNames=null] with [Generic bean: class=org.springframework.cloud.openfeign.FeignClientFactoryBean; scope=; abstract=false; lazyInit=null; autowireMode=2; dependencyCheck=0; autowireCandidate=true; primary=true; fallback=false; factoryBeanName=null; factoryMethodName=null; initMethodNames=null; destroyMethodNames=null]
2026-01-04 23:49:07 [main] INFO  o.s.b.f.s.DefaultListableBeanFactory - Overriding bean definition for bean 'python-port.FeignClientSpecification' with an equivalent definition: replacing [Generic bean: class=org.springframework.cloud.openfeign.FeignClientSpecification; scope=; abstract=false; lazyInit=null; autowireMode=0; dependencyCheck=0; autowireCandidate=true; primary=false; fallback=false; factoryBeanName=null; factoryMethodName=null; initMethodNames=null; destroyMethodNames=null] with [Generic bean: class=org.springframework.cloud.openfeign.FeignClientSpecification; scope=; abstract=false; lazyInit=null; autowireMode=0; dependencyCheck=0; autowireCandidate=true; primary=false; fallback=false; factoryBeanName=null; factoryMethodName=null; initMethodNames=null; destroyMethodNames=null]
2026-01-04 23:49:07 [main] INFO  o.s.b.f.s.DefaultListableBeanFactory - Overriding bean definition for bean 'com.homework.common.feign.PythonPortClient' with an equivalent definition: replacing [Generic bean: class=org.springframework.cloud.openfeign.FeignClientFactoryBean; scope=; abstract=false; lazyInit=null; autowireMode=2; dependencyCheck=0; autowireCandidate=true; primary=true; fallback=false; factoryBeanName=null; factoryMethodName=null; initMethodNames=null; destroyMethodNames=null] with [Generic bean: class=org.springframework.cloud.openfeign.FeignClientFactoryBean; scope=; abstract=false; lazyInit=null; autowireMode=2; dependencyCheck=0; autowireCandidate=true; primary=true; fallback=false; factoryBeanName=null; factoryMethodName=null; initMethodNames=null; destroyMethodNames=null]
2026-01-04 23:49:07 [main] INFO  o.s.d.r.c.RepositoryConfigurationDelegate - Multiple Spring Data modules found, entering strict repository configuration mode
2026-01-04 23:49:07 [main] INFO  o.s.d.r.c.RepositoryConfigurationDelegate - Bootstrapping Spring Data JDBC repositories in DEFAULT mode.
2026-01-04 23:49:07 [main] INFO  o.s.d.r.c.RepositoryConfigurationDelegate - Finished Spring Data repository scanning in 16 ms. Found 0 JDBC repository interfaces.
2026-01-04 23:49:07 [main] INFO  o.s.d.r.c.RepositoryConfigurationDelegate - Multiple Spring Data modules found, entering strict repository configuration mode
2026-01-04 23:49:07 [main] INFO  o.s.d.r.c.RepositoryConfigurationDelegate - Bootstrapping Spring Data JPA repositories in DEFAULT mode.
2026-01-04 23:49:07 [main] INFO  o.s.d.r.c.RepositoryConfigurationDelegate - Finished Spring Data repository scanning in 6 ms. Found 0 JPA repository interfaces.
2026-01-04 23:49:07 [main] WARN  o.s.b.w.s.s.c.AnnotationConfigServletWebServerApplicationContext - Exception encountered during context initialization - cancelling refresh attempt: java.lang.IllegalStateException: Failed to generate bean name for imported class 'org.springframework.cloud.autoconfigure.LifecycleMvcEndpointAutoConfiguration'
2026-01-04 23:49:07 [main] INFO  o.s.b.a.l.ConditionEvaluationReportLogger - 

Error starting ApplicationContext. To display the condition evaluation report re-run your application with 'debug' enabled.
2026-01-04 23:49:07 [main] ERROR o.s.boot.SpringApplication - Application run failed
java.lang.IllegalStateException: Failed to generate bean name for imported class 'org.springframework.cloud.autoconfigure.LifecycleMvcEndpointAutoConfiguration'
	at org.springframework.context.annotation.ConfigurationClassBeanDefinitionReader.registerBeanDefinitionForImportedConfigurationClass(ConfigurationClassBeanDefinitionReader.java:172)
	at org.springframework.context.annotation.ConfigurationClassBeanDefinitionReader.loadBeanDefinitionsForConfigurationClass(ConfigurationClassBeanDefinitionReader.java:145)
	at org.springframework.context.annotation.ConfigurationClassBeanDefinitionReader.loadBeanDefinitions(ConfigurationClassBeanDefinitionReader.java:124)
	at org.springframework.context.annotation.ConfigurationClassPostProcessor.processConfigBeanDefinitions(ConfigurationClassPostProcessor.java:458)
	at org.springframework.context.annotation.ConfigurationClassPostProcessor.postProcessBeanDefinitionRegistry(ConfigurationClassPostProcessor.java:310)
	at org.springframework.context.support.PostProcessorRegistrationDelegate.invokeBeanDefinitionRegistryPostProcessors(PostProcessorRegistrationDelegate.java:349)
	at org.springframework.context.support.PostProcessorRegistrationDelegate.invokeBeanFactoryPostProcessors(PostProcessorRegistrationDelegate.java:118)
	at org.springframework.context.support.AbstractApplicationContext.invokeBeanFactoryPostProcessors(AbstractApplicationContext.java:794)
	at org.springframework.context.support.AbstractApplicationContext.refresh(AbstractApplicationContext.java:602)
	at org.springframework.boot.web.server.servlet.context.ServletWebServerApplicationContext.refresh(ServletWebServerApplicationContext.java:143)
	at org.springframework.boot.SpringApplication.refresh(SpringApplication.java:756)
	at org.springframework.boot.SpringApplication.refreshContext(SpringApplication.java:445)
	at org.springframework.boot.SpringApplication.run(SpringApplication.java:321)
	at org.springframework.boot.SpringApplication.run(SpringApplication.java:1365)
	at org.springframework.boot.SpringApplication.run(SpringApplication.java:1354)
	at com.homework.recognition.RecognitionApplication.main(RecognitionApplication.java:17)
Caused by: java.lang.IllegalArgumentException: Could not find class [org.springframework.boot.autoconfigure.web.servlet.WebMvcAutoConfiguration]
	at org.springframework.util.ClassUtils.resolveClassName(ClassUtils.java:353)
	at org.springframework.core.annotation.TypeMappedAnnotation.adapt(TypeMappedAnnotation.java:451)
	at org.springframework.core.annotation.TypeMappedAnnotation.getValue(TypeMappedAnnotation.java:384)
	at org.springframework.core.annotation.TypeMappedAnnotation.asMap(TypeMappedAnnotation.java:273)
	at org.springframework.core.annotation.AbstractMergedAnnotation.asAnnotationAttributes(AbstractMergedAnnotation.java:191)
	at org.springframework.context.annotation.AnnotationBeanNameGenerator.determineBeanNameFromAnnotation(AnnotationBeanNameGenerator.java:143)
	at org.springframework.context.annotation.AnnotationBeanNameGenerator.generateBeanName(AnnotationBeanNameGenerator.java:110)
	at org.springframework.context.annotation.ConfigurationClassBeanDefinitionReader.registerBeanDefinitionForImportedConfigurationClass(ConfigurationClassBeanDefinitionReader.java:168)
	... 15 common frames omitted
Caused by: java.lang.ClassNotFoundException: org.springframework.boot.autoconfigure.web.servlet.WebMvcAutoConfiguration
	at java.base/jdk.internal.loader.BuiltinClassLoader.loadClass(BuiltinClassLoader.java:641)
	at java.base/jdk.internal.loader.ClassLoaders$AppClassLoader.loadClass(ClassLoaders.java:188)
	at java.base/java.lang.ClassLoader.loadClass(ClassLoader.java:520)
	at java.base/java.lang.Class.forName0(Native Method)
	at java.base/java.lang.Class.forName(Class.java:467)
	at org.springframework.util.ClassUtils.forName(ClassUtils.java:302)
	at org.springframework.util.ClassUtils.resolveClassName(ClassUtils.java:343)
	... 22 common frames omitted
2026-01-04 23:49:07 [Thread-2] WARN  c.a.n.c.http.HttpClientBeanHolder - [HttpClientBeanHolder] Start destroying common HttpClient
2026-01-04 23:49:07 [Thread-5] WARN  c.a.nacos.common.notify.NotifyCenter - [NotifyCenter] Start destroying Publisher
2026-01-04 23:49:07 [Thread-5] WARN  c.a.nacos.common.notify.NotifyCenter - [NotifyCenter] Destruction of the end
2026-01-04 23:49:07 [Thread-2] WARN  c.a.n.c.http.HttpClientBeanHolder - [HttpClientBeanHolder] Destruction of the end
2026-01-04 23:49:39 [main] INFO  c.a.nacos.client.utils.ParamUtil - [settings] [req-serv] nacos-server port:8848
2026-01-04 23:49:39 [main] INFO  c.a.nacos.client.utils.ParamUtil - [settings] [http-client] connect timeout:1000
2026-01-04 23:49:39 [main] INFO  c.a.nacos.client.utils.ParamUtil - PER_TASK_CONFIG_SIZE: 3000.0
2026-01-04 23:49:39 [main] INFO  com.alibaba.nacos.common.labels - DefaultLabelsCollectorManager get labels.....
2026-01-04 23:49:39 [main] INFO  com.alibaba.nacos.common.labels - Process LabelsCollector with [name:defaultNacosLabelsCollector]
2026-01-04 23:49:39 [main] INFO  com.alibaba.nacos.common.labels - default nacos collect properties raw labels: null
2026-01-04 23:49:39 [main] INFO  com.alibaba.nacos.common.labels - default nacos collect properties labels: {}
2026-01-04 23:49:39 [main] INFO  com.alibaba.nacos.common.labels - default nacos collect jvm raw labels: null
2026-01-04 23:49:39 [main] INFO  com.alibaba.nacos.common.labels - default nacos collect jvm labels: {}
2026-01-04 23:49:39 [main] INFO  com.alibaba.nacos.common.labels - default nacos collect env raw labels: null
2026-01-04 23:49:39 [main] INFO  com.alibaba.nacos.common.labels - default nacos collect env labels: {}
2026-01-04 23:49:39 [main] INFO  com.alibaba.nacos.common.labels - DefaultLabelsCollectorManager get labels finished,labels :{}
2026-01-04 23:49:39 [main] INFO  c.a.n.p.a.s.c.ClientAuthPluginManager - [ClientAuthPluginManager] Load ClientAuthService com.alibaba.nacos.client.auth.impl.NacosClientAuthServiceImpl success.
2026-01-04 23:49:39 [main] INFO  c.a.n.p.a.s.c.ClientAuthPluginManager - [ClientAuthPluginManager] Load ClientAuthService com.alibaba.nacos.client.auth.ram.RamClientAuthServiceImpl success.
2026-01-04 23:49:39 [Thread-1] INFO  c.a.n.c.a.r.i.CredentialWatcher - null No credential found
2026-01-04 23:49:40 [main] INFO  c.a.n.c.c.i.LocalConfigInfoProcessor - LOCAL_SNAPSHOT_PATH:C:\Users\24148\nacos\config
2026-01-04 23:49:40 [main] INFO  c.alibaba.nacos.common.remote.client - [RpcClientFactory] create a new rpc client of beecfa3f-2985-4625-aa8a-b0d705a9fca0_config-0
2026-01-04 23:49:40 [main] INFO  c.alibaba.nacos.common.remote.client - [beecfa3f-2985-4625-aa8a-b0d705a9fca0_config-0] Register server push request handler:com.alibaba.nacos.client.config.impl.ClientWorker$ConfigRpcTransportClient$$Lambda$694/0x0000000800f7eb48
2026-01-04 23:49:40 [main] INFO  c.alibaba.nacos.common.remote.client - [beecfa3f-2985-4625-aa8a-b0d705a9fca0_config-0] Register server push request handler:com.alibaba.nacos.client.config.impl.ClientWorker$ConfigRpcTransportClient$$Lambda$695/0x0000000800f7ef68
2026-01-04 23:49:40 [main] INFO  c.alibaba.nacos.common.remote.client - [beecfa3f-2985-4625-aa8a-b0d705a9fca0_config-0] Registry connection listener to current client:com.alibaba.nacos.client.config.impl.ClientWorker$ConfigRpcTransportClient$1
2026-01-04 23:49:40 [main] INFO  c.alibaba.nacos.common.remote.client - [beecfa3f-2985-4625-aa8a-b0d705a9fca0_config-0] RpcClient init, ServerListFactory = com.alibaba.nacos.client.config.impl.ClientWorker$ConfigRpcTransportClient$2
2026-01-04 23:49:40 [main] INFO  c.alibaba.nacos.common.remote.client - [beecfa3f-2985-4625-aa8a-b0d705a9fca0_config-0] Try to connect to server on start up, server: {serverIp = '127.0.0.1', server main port = 8848}
2026-01-04 23:49:40 [main] INFO  c.a.n.c.r.client.grpc.GrpcClient - grpc client connection server:127.0.0.1 ip,serverPort:9848,grpcTslConfig:{"sslProvider":"","enableTls":false,"mutualAuthEnable":false,"trustAll":false}
2026-01-04 23:49:41 [main] INFO  c.a.n.c.a.AbstractAbilityControlManager - Ready to get current node abilities...
2026-01-04 23:49:41 [main] INFO  c.a.n.c.a.AbstractAbilityControlManager - Ready to initialize current node abilities, support modes: [SDK_CLIENT]
2026-01-04 23:49:41 [main] INFO  c.a.n.c.a.AbstractAbilityControlManager - Initialize current abilities finish...
2026-01-04 23:49:41 [main] INFO  c.a.n.c.a.d.NacosAbilityManagerHolder - [AbilityControlManager] Successfully initialize AbilityControlManager
2026-01-04 23:49:41 [main] INFO  c.alibaba.nacos.common.remote.client - [beecfa3f-2985-4625-aa8a-b0d705a9fca0_config-0] Success to connect to server [127.0.0.1:8848] on start up, connectionId = 1767541781301_127.0.0.1_62986
2026-01-04 23:49:41 [com.alibaba.nacos.client.remote.worker.0] INFO  c.alibaba.nacos.common.remote.client - [beecfa3f-2985-4625-aa8a-b0d705a9fca0_config-0] Notify connected event to listeners.
2026-01-04 23:49:41 [main] INFO  c.alibaba.nacos.common.remote.client - [beecfa3f-2985-4625-aa8a-b0d705a9fca0_config-0] Register server push request handler:com.alibaba.nacos.common.remote.client.RpcClient$ConnectResetRequestHandler
2026-01-04 23:49:41 [com.alibaba.nacos.client.remote.worker.0] INFO  c.a.n.c.config.impl.ClientWorker - [beecfa3f-2985-4625-aa8a-b0d705a9fca0_config-0] Connected,notify listen context...
2026-01-04 23:49:41 [main] INFO  c.alibaba.nacos.common.remote.client - [beecfa3f-2985-4625-aa8a-b0d705a9fca0_config-0] Register server push request handler:com.alibaba.nacos.common.remote.client.RpcClient$$Lambda$717/0x000000080111b5d8
2026-01-04 23:49:41 [main] INFO  c.a.nacos.client.config.impl.Limiter - limitTime:5.0
2026-01-04 23:49:41 [main] WARN  c.a.c.n.c.NacosPropertySourceBuilder - Ignore the empty nacos configuration and get it based on dataId[recognition] & group[DEFAULT_GROUP]
2026-01-04 23:49:41 [main] WARN  c.a.c.n.c.NacosPropertySourceBuilder - Ignore the empty nacos configuration and get it based on dataId[recognition.properties] & group[DEFAULT_GROUP]
2026-01-04 23:49:41 [main] INFO  o.s.c.b.c.PropertySourceBootstrapConfiguration - Located property source: [BootstrapPropertySource {name='bootstrapProperties-recognition.properties,DEFAULT_GROUP'}, BootstrapPropertySource {name='bootstrapProperties-recognition,DEFAULT_GROUP'}]
2026-01-04 23:49:41 [main] INFO  c.h.r.RecognitionApplication - No active profile set, falling back to 1 default profile: "default"
2026-01-04 23:49:42 [main] INFO  o.s.b.f.s.DefaultListableBeanFactory - Overriding bean definition for bean 'baiduMap.FeignClientSpecification' with an equivalent definition: replacing [Generic bean: class=org.springframework.cloud.openfeign.FeignClientSpecification; scope=; abstract=false; lazyInit=null; autowireMode=0; dependencyCheck=0; autowireCandidate=true; primary=false; fallback=false; factoryBeanName=null; factoryMethodName=null; initMethodNames=null; destroyMethodNames=null] with [Generic bean: class=org.springframework.cloud.openfeign.FeignClientSpecification; scope=; abstract=false; lazyInit=null; autowireMode=0; dependencyCheck=0; autowireCandidate=true; primary=false; fallback=false; factoryBeanName=null; factoryMethodName=null; initMethodNames=null; destroyMethodNames=null]
2026-01-04 23:49:42 [main] INFO  o.s.b.f.s.DefaultListableBeanFactory - Overriding bean definition for bean 'com.homework.common.feign.BaiduMapClient' with an equivalent definition: replacing [Generic bean: class=org.springframework.cloud.openfeign.FeignClientFactoryBean; scope=; abstract=false; lazyInit=null; autowireMode=2; dependencyCheck=0; autowireCandidate=true; primary=true; fallback=false; factoryBeanName=null; factoryMethodName=null; initMethodNames=null; destroyMethodNames=null] with [Generic bean: class=org.springframework.cloud.openfeign.FeignClientFactoryBean; scope=; abstract=false; lazyInit=null; autowireMode=2; dependencyCheck=0; autowireCandidate=true; primary=true; fallback=false; factoryBeanName=null; factoryMethodName=null; initMethodNames=null; destroyMethodNames=null]
2026-01-04 23:49:42 [main] INFO  o.s.b.f.s.DefaultListableBeanFactory - Overriding bean definition for bean 'ipify.FeignClientSpecification' with an equivalent definition: replacing [Generic bean: class=org.springframework.cloud.openfeign.FeignClientSpecification; scope=; abstract=false; lazyInit=null; autowireMode=0; dependencyCheck=0; autowireCandidate=true; primary=false; fallback=false; factoryBeanName=null; factoryMethodName=null; initMethodNames=null; destroyMethodNames=null] with [Generic bean: class=org.springframework.cloud.openfeign.FeignClientSpecification; scope=; abstract=false; lazyInit=null; autowireMode=0; dependencyCheck=0; autowireCandidate=true; primary=false; fallback=false; factoryBeanName=null; factoryMethodName=null; initMethodNames=null; destroyMethodNames=null]
2026-01-04 23:49:42 [main] INFO  o.s.b.f.s.DefaultListableBeanFactory - Overriding bean definition for bean 'com.homework.common.feign.IpifyClient' with an equivalent definition: replacing [Generic bean: class=org.springframework.cloud.openfeign.FeignClientFactoryBean; scope=; abstract=false; lazyInit=null; autowireMode=2; dependencyCheck=0; autowireCandidate=true; primary=true; fallback=false; factoryBeanName=null; factoryMethodName=null; initMethodNames=null; destroyMethodNames=null] with [Generic bean: class=org.springframework.cloud.openfeign.FeignClientFactoryBean; scope=; abstract=false; lazyInit=null; autowireMode=2; dependencyCheck=0; autowireCandidate=true; primary=true; fallback=false; factoryBeanName=null; factoryMethodName=null; initMethodNames=null; destroyMethodNames=null]
2026-01-04 23:49:42 [main] INFO  o.s.b.f.s.DefaultListableBeanFactory - Overriding bean definition for bean 'python-port.FeignClientSpecification' with an equivalent definition: replacing [Generic bean: class=org.springframework.cloud.openfeign.FeignClientSpecification; scope=; abstract=false; lazyInit=null; autowireMode=0; dependencyCheck=0; autowireCandidate=true; primary=false; fallback=false; factoryBeanName=null; factoryMethodName=null; initMethodNames=null; destroyMethodNames=null] with [Generic bean: class=org.springframework.cloud.openfeign.FeignClientSpecification; scope=; abstract=false; lazyInit=null; autowireMode=0; dependencyCheck=0; autowireCandidate=true; primary=false; fallback=false; factoryBeanName=null; factoryMethodName=null; initMethodNames=null; destroyMethodNames=null]
2026-01-04 23:49:42 [main] INFO  o.s.b.f.s.DefaultListableBeanFactory - Overriding bean definition for bean 'com.homework.common.feign.PythonPortClient' with an equivalent definition: replacing [Generic bean: class=org.springframework.cloud.openfeign.FeignClientFactoryBean; scope=; abstract=false; lazyInit=null; autowireMode=2; dependencyCheck=0; autowireCandidate=true; primary=true; fallback=false; factoryBeanName=null; factoryMethodName=null; initMethodNames=null; destroyMethodNames=null] with [Generic bean: class=org.springframework.cloud.openfeign.FeignClientFactoryBean; scope=; abstract=false; lazyInit=null; autowireMode=2; dependencyCheck=0; autowireCandidate=true; primary=true; fallback=false; factoryBeanName=null; factoryMethodName=null; initMethodNames=null; destroyMethodNames=null]
2026-01-04 23:49:42 [main] INFO  o.s.d.r.c.RepositoryConfigurationDelegate - Multiple Spring Data modules found, entering strict repository configuration mode
2026-01-04 23:49:42 [main] INFO  o.s.d.r.c.RepositoryConfigurationDelegate - Bootstrapping Spring Data JDBC repositories in DEFAULT mode.
2026-01-04 23:49:42 [main] INFO  o.s.d.r.c.RepositoryConfigurationDelegate - Finished Spring Data repository scanning in 10 ms. Found 0 JDBC repository interfaces.
2026-01-04 23:49:42 [main] INFO  o.s.d.r.c.RepositoryConfigurationDelegate - Multiple Spring Data modules found, entering strict repository configuration mode
2026-01-04 23:49:42 [main] INFO  o.s.d.r.c.RepositoryConfigurationDelegate - Bootstrapping Spring Data JPA repositories in DEFAULT mode.
2026-01-04 23:49:42 [main] INFO  o.s.d.r.c.RepositoryConfigurationDelegate - Finished Spring Data repository scanning in 4 ms. Found 0 JPA repository interfaces.
2026-01-04 23:49:42 [main] WARN  o.s.b.w.s.s.c.AnnotationConfigServletWebServerApplicationContext - Exception encountered during context initialization - cancelling refresh attempt: java.lang.IllegalStateException: Failed to generate bean name for imported class 'org.springframework.cloud.autoconfigure.LifecycleMvcEndpointAutoConfiguration'
2026-01-04 23:49:42 [main] INFO  o.s.b.a.l.ConditionEvaluationReportLogger - 

Error starting ApplicationContext. To display the condition evaluation report re-run your application with 'debug' enabled.
2026-01-04 23:49:42 [main] ERROR o.s.boot.SpringApplication - Application run failed
java.lang.IllegalStateException: Failed to generate bean name for imported class 'org.springframework.cloud.autoconfigure.LifecycleMvcEndpointAutoConfiguration'
	at org.springframework.context.annotation.ConfigurationClassBeanDefinitionReader.registerBeanDefinitionForImportedConfigurationClass(ConfigurationClassBeanDefinitionReader.java:172)
	at org.springframework.context.annotation.ConfigurationClassBeanDefinitionReader.loadBeanDefinitionsForConfigurationClass(ConfigurationClassBeanDefinitionReader.java:145)
	at org.springframework.context.annotation.ConfigurationClassBeanDefinitionReader.loadBeanDefinitions(ConfigurationClassBeanDefinitionReader.java:124)
	at org.springframework.context.annotation.ConfigurationClassPostProcessor.processConfigBeanDefinitions(ConfigurationClassPostProcessor.java:458)
	at org.springframework.context.annotation.ConfigurationClassPostProcessor.postProcessBeanDefinitionRegistry(ConfigurationClassPostProcessor.java:310)
	at org.springframework.context.support.PostProcessorRegistrationDelegate.invokeBeanDefinitionRegistryPostProcessors(PostProcessorRegistrationDelegate.java:349)
	at org.springframework.context.support.PostProcessorRegistrationDelegate.invokeBeanFactoryPostProcessors(PostProcessorRegistrationDelegate.java:118)
	at org.springframework.context.support.AbstractApplicationContext.invokeBeanFactoryPostProcessors(AbstractApplicationContext.java:794)
	at org.springframework.context.support.AbstractApplicationContext.refresh(AbstractApplicationContext.java:602)
	at org.springframework.boot.web.server.servlet.context.ServletWebServerApplicationContext.refresh(ServletWebServerApplicationContext.java:143)
	at org.springframework.boot.SpringApplication.refresh(SpringApplication.java:756)
	at org.springframework.boot.SpringApplication.refreshContext(SpringApplication.java:445)
	at org.springframework.boot.SpringApplication.run(SpringApplication.java:321)
	at org.springframework.boot.SpringApplication.run(SpringApplication.java:1365)
	at org.springframework.boot.SpringApplication.run(SpringApplication.java:1354)
	at com.homework.recognition.RecognitionApplication.main(RecognitionApplication.java:17)
Caused by: java.lang.IllegalArgumentException: Could not find class [org.springframework.boot.autoconfigure.web.servlet.WebMvcAutoConfiguration]
	at org.springframework.util.ClassUtils.resolveClassName(ClassUtils.java:353)
	at org.springframework.core.annotation.TypeMappedAnnotation.adapt(TypeMappedAnnotation.java:451)
	at org.springframework.core.annotation.TypeMappedAnnotation.getValue(TypeMappedAnnotation.java:384)
	at org.springframework.core.annotation.TypeMappedAnnotation.asMap(TypeMappedAnnotation.java:273)
	at org.springframework.core.annotation.AbstractMergedAnnotation.asAnnotationAttributes(AbstractMergedAnnotation.java:191)
	at org.springframework.context.annotation.AnnotationBeanNameGenerator.determineBeanNameFromAnnotation(AnnotationBeanNameGenerator.java:143)
	at org.springframework.context.annotation.AnnotationBeanNameGenerator.generateBeanName(AnnotationBeanNameGenerator.java:110)
	at org.springframework.context.annotation.ConfigurationClassBeanDefinitionReader.registerBeanDefinitionForImportedConfigurationClass(ConfigurationClassBeanDefinitionReader.java:168)
	... 15 common frames omitted
Caused by: java.lang.ClassNotFoundException: org.springframework.boot.autoconfigure.web.servlet.WebMvcAutoConfiguration
	at java.base/jdk.internal.loader.BuiltinClassLoader.loadClass(BuiltinClassLoader.java:641)
	at java.base/jdk.internal.loader.ClassLoaders$AppClassLoader.loadClass(ClassLoaders.java:188)
	at java.base/java.lang.ClassLoader.loadClass(ClassLoader.java:520)
	at java.base/java.lang.Class.forName0(Native Method)
	at java.base/java.lang.Class.forName(Class.java:467)
	at org.springframework.util.ClassUtils.forName(ClassUtils.java:302)
	at org.springframework.util.ClassUtils.resolveClassName(ClassUtils.java:343)
	... 22 common frames omitted
2026-01-04 23:49:42 [Thread-2] WARN  c.a.n.c.http.HttpClientBeanHolder - [HttpClientBeanHolder] Start destroying common HttpClient
2026-01-04 23:49:42 [Thread-5] WARN  c.a.nacos.common.notify.NotifyCenter - [NotifyCenter] Start destroying Publisher
2026-01-04 23:49:42 [Thread-5] WARN  c.a.nacos.common.notify.NotifyCenter - [NotifyCenter] Destruction of the end
2026-01-04 23:49:42 [Thread-2] WARN  c.a.n.c.http.HttpClientBeanHolder - [HttpClientBeanHolder] Destruction of the end
2026-01-04 23:51:13 [main] INFO  c.a.nacos.client.utils.ParamUtil - [settings] [req-serv] nacos-server port:8848
2026-01-04 23:51:13 [main] INFO  c.a.nacos.client.utils.ParamUtil - [settings] [http-client] connect timeout:1000
2026-01-04 23:51:13 [Thread-1] INFO  c.a.n.c.a.r.i.CredentialWatcher - null No credential found
2026-01-04 23:51:13 [main] INFO  c.a.nacos.client.utils.ParamUtil - PER_TASK_CONFIG_SIZE: 3000.0
2026-01-04 23:51:13 [main] INFO  com.alibaba.nacos.common.labels - DefaultLabelsCollectorManager get labels.....
2026-01-04 23:51:13 [main] INFO  com.alibaba.nacos.common.labels - Process LabelsCollector with [name:defaultNacosLabelsCollector]
2026-01-04 23:51:13 [main] INFO  com.alibaba.nacos.common.labels - default nacos collect properties raw labels: null
2026-01-04 23:51:13 [main] INFO  com.alibaba.nacos.common.labels - default nacos collect properties labels: {}
2026-01-04 23:51:13 [main] INFO  com.alibaba.nacos.common.labels - default nacos collect jvm raw labels: null
2026-01-04 23:51:13 [main] INFO  com.alibaba.nacos.common.labels - default nacos collect jvm labels: {}
2026-01-04 23:51:13 [main] INFO  com.alibaba.nacos.common.labels - default nacos collect env raw labels: null
2026-01-04 23:51:13 [main] INFO  com.alibaba.nacos.common.labels - default nacos collect env labels: {}
2026-01-04 23:51:13 [main] INFO  com.alibaba.nacos.common.labels - DefaultLabelsCollectorManager get labels finished,labels :{}
2026-01-04 23:51:13 [main] INFO  c.a.n.p.a.s.c.ClientAuthPluginManager - [ClientAuthPluginManager] Load ClientAuthService com.alibaba.nacos.client.auth.impl.NacosClientAuthServiceImpl success.
2026-01-04 23:51:13 [main] INFO  c.a.n.p.a.s.c.ClientAuthPluginManager - [ClientAuthPluginManager] Load ClientAuthService com.alibaba.nacos.client.auth.ram.RamClientAuthServiceImpl success.
2026-01-04 23:51:13 [main] INFO  c.a.n.c.c.i.LocalConfigInfoProcessor - LOCAL_SNAPSHOT_PATH:C:\Users\24148\nacos\config
2026-01-04 23:51:13 [main] INFO  c.alibaba.nacos.common.remote.client - [RpcClientFactory] create a new rpc client of b3270236-f3c1-498b-8c65-5c7256b078b2_config-0
2026-01-04 23:51:13 [main] INFO  c.alibaba.nacos.common.remote.client - [b3270236-f3c1-498b-8c65-5c7256b078b2_config-0] Register server push request handler:com.alibaba.nacos.client.config.impl.ClientWorker$ConfigRpcTransportClient$$Lambda$557/0x0000000800f156d8
2026-01-04 23:51:13 [main] INFO  c.alibaba.nacos.common.remote.client - [b3270236-f3c1-498b-8c65-5c7256b078b2_config-0] Register server push request handler:com.alibaba.nacos.client.config.impl.ClientWorker$ConfigRpcTransportClient$$Lambda$558/0x0000000800f15af8
2026-01-04 23:51:13 [main] INFO  c.alibaba.nacos.common.remote.client - [b3270236-f3c1-498b-8c65-5c7256b078b2_config-0] Registry connection listener to current client:com.alibaba.nacos.client.config.impl.ClientWorker$ConfigRpcTransportClient$1
2026-01-04 23:51:13 [main] INFO  c.alibaba.nacos.common.remote.client - [b3270236-f3c1-498b-8c65-5c7256b078b2_config-0] RpcClient init, ServerListFactory = com.alibaba.nacos.client.config.impl.ClientWorker$ConfigRpcTransportClient$2
2026-01-04 23:51:13 [main] INFO  c.alibaba.nacos.common.remote.client - [b3270236-f3c1-498b-8c65-5c7256b078b2_config-0] Try to connect to server on start up, server: {serverIp = '127.0.0.1', server main port = 8848}
2026-01-04 23:51:13 [main] INFO  c.a.n.c.r.client.grpc.GrpcClient - grpc client connection server:127.0.0.1 ip,serverPort:9848,grpcTslConfig:{"sslProvider":"","enableTls":false,"mutualAuthEnable":false,"trustAll":false}
2026-01-04 23:51:14 [main] INFO  c.a.n.c.a.AbstractAbilityControlManager - Ready to get current node abilities...
2026-01-04 23:51:14 [main] INFO  c.a.n.c.a.AbstractAbilityControlManager - Ready to initialize current node abilities, support modes: [SDK_CLIENT]
2026-01-04 23:51:14 [main] INFO  c.a.n.c.a.AbstractAbilityControlManager - Initialize current abilities finish...
2026-01-04 23:51:14 [main] INFO  c.a.n.c.a.d.NacosAbilityManagerHolder - [AbilityControlManager] Successfully initialize AbilityControlManager
2026-01-04 23:51:14 [main] INFO  c.alibaba.nacos.common.remote.client - [b3270236-f3c1-498b-8c65-5c7256b078b2_config-0] Success to connect to server [127.0.0.1:8848] on start up, connectionId = 1767541874345_127.0.0.1_63288
2026-01-04 23:51:14 [com.alibaba.nacos.client.remote.worker.0] INFO  c.alibaba.nacos.common.remote.client - [b3270236-f3c1-498b-8c65-5c7256b078b2_config-0] Notify connected event to listeners.
2026-01-04 23:51:14 [main] INFO  c.alibaba.nacos.common.remote.client - [b3270236-f3c1-498b-8c65-5c7256b078b2_config-0] Register server push request handler:com.alibaba.nacos.common.remote.client.RpcClient$ConnectResetRequestHandler
2026-01-04 23:51:14 [com.alibaba.nacos.client.remote.worker.0] INFO  c.a.n.c.config.impl.ClientWorker - [b3270236-f3c1-498b-8c65-5c7256b078b2_config-0] Connected,notify listen context...
2026-01-04 23:51:14 [main] INFO  c.alibaba.nacos.common.remote.client - [b3270236-f3c1-498b-8c65-5c7256b078b2_config-0] Register server push request handler:com.alibaba.nacos.common.remote.client.RpcClient$$Lambda$580/0x000000080105d110
2026-01-04 23:51:14 [main] INFO  c.a.nacos.client.config.impl.Limiter - limitTime:5.0
2026-01-04 23:51:14 [main] WARN  c.a.c.n.c.NacosPropertySourceBuilder - Ignore the empty nacos configuration and get it based on dataId[recognition] & group[DEFAULT_GROUP]
2026-01-04 23:51:14 [main] WARN  c.a.c.n.c.NacosPropertySourceBuilder - Ignore the empty nacos configuration and get it based on dataId[recognition.properties] & group[DEFAULT_GROUP]
2026-01-04 23:51:14 [main] INFO  o.s.c.b.c.PropertySourceBootstrapConfiguration - Located property source: [BootstrapPropertySource {name='bootstrapProperties-recognition.properties,DEFAULT_GROUP'}, BootstrapPropertySource {name='bootstrapProperties-recognition,DEFAULT_GROUP'}]
2026-01-04 23:51:14 [main] INFO  c.h.r.RecognitionApplication - No active profile set, falling back to 1 default profile: "default"
2026-01-04 23:51:15 [main] INFO  o.s.d.r.c.RepositoryConfigurationDelegate - Multiple Spring Data modules found, entering strict repository configuration mode
2026-01-04 23:51:15 [main] INFO  o.s.d.r.c.RepositoryConfigurationDelegate - Bootstrapping Spring Data JDBC repositories in DEFAULT mode.
2026-01-04 23:51:15 [main] INFO  o.s.d.r.c.RepositoryConfigurationDelegate - Finished Spring Data repository scanning in 12 ms. Found 0 JDBC repository interfaces.
2026-01-04 23:51:15 [main] INFO  o.s.d.r.c.RepositoryConfigurationDelegate - Multiple Spring Data modules found, entering strict repository configuration mode
2026-01-04 23:51:15 [main] INFO  o.s.d.r.c.RepositoryConfigurationDelegate - Bootstrapping Spring Data JPA repositories in DEFAULT mode.
2026-01-04 23:51:15 [main] INFO  o.s.d.r.c.RepositoryConfigurationDelegate - Finished Spring Data repository scanning in 4 ms. Found 0 JPA repository interfaces.
2026-01-04 23:51:15 [main] INFO  o.s.cloud.context.scope.GenericScope - BeanFactory id=bb8bb8a4-fa5f-33f4-92b6-a940094cf5a9
2026-01-04 23:51:16 [main] WARN  o.s.c.s.PostProcessorRegistrationDelegate$BeanPostProcessorChecker - Bean 'org.springframework.cloud.client.loadbalancer.LoadBalancerAutoConfiguration$LoadBalancerInterceptorConfig' of type [org.springframework.cloud.client.loadbalancer.LoadBalancerAutoConfiguration$LoadBalancerInterceptorConfig] is not eligible for getting processed by all BeanPostProcessors (for example: not eligible for auto-proxying). The currently created BeanPostProcessor [lbRestClientPostProcessor] is declared through a non-static factory method on that class; consider declaring it as static instead.
2026-01-04 23:51:16 [main] WARN  o.s.c.s.PostProcessorRegistrationDelegate$BeanPostProcessorChecker - Bean 'org.springframework.cloud.loadbalancer.config.BlockingLoadBalancerClientAutoConfiguration' of type [org.springframework.cloud.loadbalancer.config.BlockingLoadBalancerClientAutoConfiguration] is not eligible for getting processed by all BeanPostProcessors (for example: not eligible for auto-proxying). Is this bean getting eagerly injected into a currently created BeanPostProcessor [lbRestClientPostProcessor]? Check the corresponding BeanPostProcessor declaration and its dependencies.
2026-01-04 23:51:16 [main] WARN  o.s.c.s.PostProcessorRegistrationDelegate$BeanPostProcessorChecker - Bean 'org.springframework.cloud.loadbalancer.config.LoadBalancerAutoConfiguration' of type [org.springframework.cloud.loadbalancer.config.LoadBalancerAutoConfiguration] is not eligible for getting processed by all BeanPostProcessors (for example: not eligible for auto-proxying). Is this bean getting eagerly injected into a currently created BeanPostProcessor [lbRestClientPostProcessor]? Check the corresponding BeanPostProcessor declaration and its dependencies.
2026-01-04 23:51:16 [main] WARN  o.s.c.s.PostProcessorRegistrationDelegate$BeanPostProcessorChecker - Bean 'org.springframework.cloud.commons.config.CommonsConfigAutoConfiguration' of type [org.springframework.cloud.commons.config.CommonsConfigAutoConfiguration] is not eligible for getting processed by all BeanPostProcessors (for example: not eligible for auto-proxying). Is this bean getting eagerly injected into a currently created BeanPostProcessor [lbRestClientPostProcessor]? Check the corresponding BeanPostProcessor declaration and its dependencies.
2026-01-04 23:51:16 [main] WARN  o.s.c.s.PostProcessorRegistrationDelegate$BeanPostProcessorChecker - Bean 'org.springframework.cloud.client.loadbalancer.LoadBalancerDefaultMappingsProviderAutoConfiguration' of type [org.springframework.cloud.client.loadbalancer.LoadBalancerDefaultMappingsProviderAutoConfiguration] is not eligible for getting processed by all BeanPostProcessors (for example: not eligible for auto-proxying). Is this bean getting eagerly injected into a currently created BeanPostProcessor [lbRestClientPostProcessor]? Check the corresponding BeanPostProcessor declaration and its dependencies.
2026-01-04 23:51:16 [main] WARN  o.s.c.s.PostProcessorRegistrationDelegate$BeanPostProcessorChecker - Bean 'loadBalancerClientsDefaultsMappingsProvider' of type [org.springframework.cloud.client.loadbalancer.LoadBalancerDefaultMappingsProviderAutoConfiguration$$Lambda$752/0x000000080120dbb8] is not eligible for getting processed by all BeanPostProcessors (for example: not eligible for auto-proxying). Is this bean getting eagerly injected into a currently created BeanPostProcessor [lbRestClientPostProcessor]? Check the corresponding BeanPostProcessor declaration and its dependencies.
2026-01-04 23:51:16 [main] WARN  o.s.c.s.PostProcessorRegistrationDelegate$BeanPostProcessorChecker - Bean 'defaultsBindHandlerAdvisor' of type [org.springframework.cloud.commons.config.DefaultsBindHandlerAdvisor] is not eligible for getting processed by all BeanPostProcessors (for example: not eligible for auto-proxying). Is this bean getting eagerly injected into a currently created BeanPostProcessor [lbRestClientPostProcessor]? Check the corresponding BeanPostProcessor declaration and its dependencies.
2026-01-04 23:51:16 [main] WARN  o.s.c.s.PostProcessorRegistrationDelegate$BeanPostProcessorChecker - Bean 'spring.cloud.loadbalancer-org.springframework.cloud.client.loadbalancer.LoadBalancerClientsProperties' of type [org.springframework.cloud.client.loadbalancer.LoadBalancerClientsProperties] is not eligible for getting processed by all BeanPostProcessors (for example: not eligible for auto-proxying). Is this bean getting eagerly injected into a currently created BeanPostProcessor [lbRestClientPostProcessor]? Check the corresponding BeanPostProcessor declaration and its dependencies.
2026-01-04 23:51:16 [main] WARN  o.s.c.s.PostProcessorRegistrationDelegate$BeanPostProcessorChecker - Bean 'default.org.springframework.cloud.loadbalancer.config.LoadBalancerAutoConfiguration.LoadBalancerClientSpecification' of type [org.springframework.cloud.loadbalancer.annotation.LoadBalancerClientSpecification] is not eligible for getting processed by all BeanPostProcessors (for example: not eligible for auto-proxying). Is this bean getting eagerly injected into a currently created BeanPostProcessor [lbRestClientPostProcessor]? Check the corresponding BeanPostProcessor declaration and its dependencies.
2026-01-04 23:51:16 [main] WARN  o.s.c.s.PostProcessorRegistrationDelegate$BeanPostProcessorChecker - Bean 'default.org.springframework.cloud.loadbalancer.config.BlockingLoadBalancerClientAutoConfiguration.LoadBalancerClientSpecification' of type [org.springframework.cloud.loadbalancer.annotation.LoadBalancerClientSpecification] is not eligible for getting processed by all BeanPostProcessors (for example: not eligible for auto-proxying). Is this bean getting eagerly injected into a currently created BeanPostProcessor [lbRestClientPostProcessor]? Check the corresponding BeanPostProcessor declaration and its dependencies.
2026-01-04 23:51:16 [main] WARN  o.s.c.s.PostProcessorRegistrationDelegate$BeanPostProcessorChecker - Bean 'loadBalancerClientFactory' of type [org.springframework.cloud.loadbalancer.support.LoadBalancerClientFactory] is not eligible for getting processed by all BeanPostProcessors (for example: not eligible for auto-proxying). Is this bean getting eagerly injected into a currently created BeanPostProcessor [lbRestClientPostProcessor]? Check the corresponding BeanPostProcessor declaration and its dependencies.
2026-01-04 23:51:16 [main] WARN  o.s.c.s.PostProcessorRegistrationDelegate$BeanPostProcessorChecker - Bean 'blockingLoadBalancerClient' of type [org.springframework.cloud.loadbalancer.blocking.client.BlockingLoadBalancerClient] is not eligible for getting processed by all BeanPostProcessors (for example: not eligible for auto-proxying). Is this bean getting eagerly injected into a currently created BeanPostProcessor [lbRestClientPostProcessor]? Check the corresponding BeanPostProcessor declaration and its dependencies.
2026-01-04 23:51:16 [main] WARN  o.s.c.s.PostProcessorRegistrationDelegate$BeanPostProcessorChecker - Bean 'loadBalancerServiceInstanceCookieTransformer' of type [org.springframework.cloud.loadbalancer.core.LoadBalancerServiceInstanceCookieTransformer] is not eligible for getting processed by all BeanPostProcessors (for example: not eligible for auto-proxying). Is this bean getting eagerly injected into a currently created BeanPostProcessor [lbRestClientPostProcessor]? Check the corresponding BeanPostProcessor declaration and its dependencies.
2026-01-04 23:51:16 [main] WARN  o.s.c.s.PostProcessorRegistrationDelegate$BeanPostProcessorChecker - Bean 'xForwarderHeadersTransformer' of type [org.springframework.cloud.loadbalancer.blocking.XForwardedHeadersTransformer] is not eligible for getting processed by all BeanPostProcessors (for example: not eligible for auto-proxying). Is this bean getting eagerly injected into a currently created BeanPostProcessor [lbRestClientPostProcessor]? Check the corresponding BeanPostProcessor declaration and its dependencies.
2026-01-04 23:51:16 [main] WARN  o.s.c.s.PostProcessorRegistrationDelegate$BeanPostProcessorChecker - Bean 'org.springframework.cloud.client.loadbalancer.LoadBalancerAutoConfiguration' of type [org.springframework.cloud.client.loadbalancer.LoadBalancerAutoConfiguration] is not eligible for getting processed by all BeanPostProcessors (for example: not eligible for auto-proxying). Is this bean getting eagerly injected into a currently created BeanPostProcessor [lbRestClientPostProcessor]? Check the corresponding BeanPostProcessor declaration and its dependencies.
2026-01-04 23:51:16 [main] WARN  o.s.c.s.PostProcessorRegistrationDelegate$BeanPostProcessorChecker - Bean 'loadBalancerRequestFactory' of type [org.springframework.cloud.client.loadbalancer.LoadBalancerRequestFactory] is not eligible for getting processed by all BeanPostProcessors (for example: not eligible for auto-proxying). Is this bean getting eagerly injected into a currently created BeanPostProcessor [lbRestClientPostProcessor]? Check the corresponding BeanPostProcessor declaration and its dependencies.
2026-01-04 23:51:16 [main] WARN  o.s.c.s.PostProcessorRegistrationDelegate$BeanPostProcessorChecker - Bean 'loadBalancerInterceptor' of type [org.springframework.cloud.client.loadbalancer.LoadBalancerInterceptor] is not eligible for getting processed by all BeanPostProcessors (for example: not eligible for auto-proxying). Is this bean getting eagerly injected into a currently created BeanPostProcessor [lbRestClientPostProcessor]? Check the corresponding BeanPostProcessor declaration and its dependencies.
2026-01-04 23:51:16 [main] INFO  o.s.b.w.e.tomcat.TomcatWebServer - Tomcat initialized with port 0 (http)
2026-01-04 23:51:16 [main] INFO  o.a.coyote.http11.Http11NioProtocol - Initializing ProtocolHandler ["http-nio-auto-1"]
2026-01-04 23:51:16 [main] INFO  o.a.catalina.core.StandardService - Starting service [Tomcat]
2026-01-04 23:51:16 [main] INFO  o.a.catalina.core.StandardEngine - Starting Servlet engine: [Apache Tomcat/10.1.17]
2026-01-04 23:51:16 [main] INFO  o.a.c.c.C.[Tomcat].[localhost].[/] - Initializing Spring embedded WebApplicationContext
2026-01-04 23:51:16 [main] INFO  o.s.b.w.s.c.ServletWebServerApplicationContext - Root WebApplicationContext: initialization completed in 1946 ms
2026-01-04 23:51:16 [main] WARN  o.s.b.w.s.c.AnnotationConfigServletWebServerApplicationContext - Exception encountered during context initialization - cancelling refresh attempt: org.springframework.beans.factory.UnsatisfiedDependencyException: Error creating bean with name 'dataSourceScriptDatabaseInitializer' defined in class path resource [org/springframework/boot/autoconfigure/sql/init/DataSourceInitializationConfiguration.class]: Unsatisfied dependency expressed through method 'dataSourceScriptDatabaseInitializer' parameter 0: Error creating bean with name 'dataSource' defined in class path resource [org/springframework/boot/autoconfigure/jdbc/DataSourceConfiguration$Hikari.class]: Failed to instantiate [com.zaxxer.hikari.HikariDataSource]: Factory method 'dataSource' threw exception with message: Failed to determine a suitable driver class
2026-01-04 23:51:16 [main] INFO  o.a.catalina.core.StandardService - Stopping service [Tomcat]
2026-01-04 23:51:16 [main] INFO  o.s.b.a.l.ConditionEvaluationReportLogger - 

Error starting ApplicationContext. To display the condition evaluation report re-run your application with 'debug' enabled.
2026-01-04 23:51:16 [main] ERROR o.s.b.d.LoggingFailureAnalysisReporter - 

***************************
APPLICATION FAILED TO START
***************************

Description:

Failed to configure a DataSource: 'url' attribute is not specified and no embedded datasource could be configured.

Reason: Failed to determine a suitable driver class


Action:

Consider the following:
	If you want an embedded database (H2, HSQL or Derby), please put it on the classpath.
	If you have database settings to be loaded from a particular profile you may need to activate it (no profiles are currently active).

2026-01-04 23:51:16 [Thread-2] WARN  c.a.n.c.http.HttpClientBeanHolder - [HttpClientBeanHolder] Start destroying common HttpClient
2026-01-04 23:51:16 [Thread-5] WARN  c.a.nacos.common.notify.NotifyCenter - [NotifyCenter] Start destroying Publisher
2026-01-04 23:51:16 [Thread-5] WARN  c.a.nacos.common.notify.NotifyCenter - [NotifyCenter] Destruction of the end
