2026-01-05 14:55:03 [main] INFO  c.h.r.RecognitionApplication - Starting RecognitionApplication using Java 17.0.1 with PID 28440 (D:\bianchenglianxi\java\project\face_recognition\recognition\target\classes started by 24148 in D:\bianchenglianxi\java\project\face_recognition\recognition)
2026-01-05 14:55:03 [main] INFO  c.h.r.RecognitionApplication - No active profile set, falling back to 1 default profile: "default"
2026-01-05 14:55:04 [main] INFO  o.s.b.f.s.DefaultListableBeanFactory - Overriding bean definition for bean 'baiduMap.FeignClientSpecification' with an equivalent definition: replacing [Generic bean: class=org.springframework.cloud.openfeign.FeignClientSpecification; scope=; abstract=false; lazyInit=null; autowireMode=0; dependencyCheck=0; autowireCandidate=true; primary=false; fallback=false; factoryBeanName=null; factoryMethodName=null; initMethodNames=null; destroyMethodNames=null] with [Generic bean: class=org.springframework.cloud.openfeign.FeignClientSpecification; scope=; abstract=false; lazyInit=null; autowireMode=0; dependencyCheck=0; autowireCandidate=true; primary=false; fallback=false; factoryBeanName=null; factoryMethodName=null; initMethodNames=null; destroyMethodNames=null]
2026-01-05 14:55:04 [main] INFO  o.s.b.f.s.DefaultListableBeanFactory - Overriding bean definition for bean 'com.homework.common.feign.BaiduMapClient' with an equivalent definition: replacing [Generic bean: class=org.springframework.cloud.openfeign.FeignClientFactoryBean; scope=; abstract=false; lazyInit=null; autowireMode=2; dependencyCheck=0; autowireCandidate=true; primary=true; fallback=false; factoryBeanName=null; factoryMethodName=null; initMethodNames=null; destroyMethodNames=null] with [Generic bean: class=org.springframework.cloud.openfeign.FeignClientFactoryBean; scope=; abstract=false; lazyInit=null; autowireMode=2; dependencyCheck=0; autowireCandidate=true; primary=true; fallback=false; factoryBeanName=null; factoryMethodName=null; initMethodNames=null; destroyMethodNames=null]
2026-01-05 14:55:04 [main] INFO  o.s.b.f.s.DefaultListableBeanFactory - Overriding bean definition for bean 'ipify.FeignClientSpecification' with an equivalent definition: replacing [Generic bean: class=org.springframework.cloud.openfeign.FeignClientSpecification; scope=; abstract=false; lazyInit=null; autowireMode=0; dependencyCheck=0; autowireCandidate=true; primary=false; fallback=false; factoryBeanName=null; factoryMethodName=null; initMethodNames=null; destroyMethodNames=null] with [Generic bean: class=org.springframework.cloud.openfeign.FeignClientSpecification; scope=; abstract=false; lazyInit=null; autowireMode=0; dependencyCheck=0; autowireCandidate=true; primary=false; fallback=false; factoryBeanName=null; factoryMethodName=null; initMethodNames=null; destroyMethodNames=null]
2026-01-05 14:55:04 [main] INFO  o.s.b.f.s.DefaultListableBeanFactory - Overriding bean definition for bean 'com.homework.common.feign.IpifyClient' with an equivalent definition: replacing [Generic bean: class=org.springframework.cloud.openfeign.FeignClientFactoryBean; scope=; abstract=false; lazyInit=null; autowireMode=2; dependencyCheck=0; autowireCandidate=true; primary=true; fallback=false; factoryBeanName=null; factoryMethodName=null; initMethodNames=null; destroyMethodNames=null] with [Generic bean: class=org.springframework.cloud.openfeign.FeignClientFactoryBean; scope=; abstract=false; lazyInit=null; autowireMode=2; dependencyCheck=0; autowireCandidate=true; primary=true; fallback=false; factoryBeanName=null; factoryMethodName=null; initMethodNames=null; destroyMethodNames=null]
2026-01-05 14:55:04 [main] INFO  o.s.b.f.s.DefaultListableBeanFactory - Overriding bean definition for bean 'python-port.FeignClientSpecification' with an equivalent definition: replacing [Generic bean: class=org.springframework.cloud.openfeign.FeignClientSpecification; scope=; abstract=false; lazyInit=null; autowireMode=0; dependencyCheck=0; autowireCandidate=true; primary=false; fallback=false; factoryBeanName=null; factoryMethodName=null; initMethodNames=null; destroyMethodNames=null] with [Generic bean: class=org.springframework.cloud.openfeign.FeignClientSpecification; scope=; abstract=false; lazyInit=null; autowireMode=0; dependencyCheck=0; autowireCandidate=true; primary=false; fallback=false; factoryBeanName=null; factoryMethodName=null; initMethodNames=null; destroyMethodNames=null]
2026-01-05 14:55:04 [main] INFO  o.s.b.f.s.DefaultListableBeanFactory - Overriding bean definition for bean 'com.homework.common.feign.PythonPortClient' with an equivalent definition: replacing [Generic bean: class=org.springframework.cloud.openfeign.FeignClientFactoryBean; scope=; abstract=false; lazyInit=null; autowireMode=2; dependencyCheck=0; autowireCandidate=true; primary=true; fallback=false; factoryBeanName=null; factoryMethodName=null; initMethodNames=null; destroyMethodNames=null] with [Generic bean: class=org.springframework.cloud.openfeign.FeignClientFactoryBean; scope=; abstract=false; lazyInit=null; autowireMode=2; dependencyCheck=0; autowireCandidate=true; primary=true; fallback=false; factoryBeanName=null; factoryMethodName=null; initMethodNames=null; destroyMethodNames=null]
2026-01-05 14:55:04 [main] INFO  o.s.d.r.c.RepositoryConfigurationDelegate - Multiple Spring Data modules found, entering strict repository configuration mode
2026-01-05 14:55:04 [main] INFO  o.s.d.r.c.RepositoryConfigurationDelegate - Bootstrapping Spring Data JDBC repositories in DEFAULT mode.
2026-01-05 14:55:04 [main] INFO  o.s.d.r.c.RepositoryConfigurationDelegate - Finished Spring Data repository scanning in 19 ms. Found 0 JDBC repository interfaces.
2026-01-05 14:55:04 [main] INFO  o.s.d.r.c.RepositoryConfigurationDelegate - Multiple Spring Data modules found, entering strict repository configuration mode
2026-01-05 14:55:04 [main] INFO  o.s.d.r.c.RepositoryConfigurationDelegate - Bootstrapping Spring Data JPA repositories in DEFAULT mode.
2026-01-05 14:55:04 [main] INFO  o.s.d.r.c.RepositoryConfigurationDelegate - Finished Spring Data repository scanning in 6 ms. Found 0 JPA repository interfaces.
2026-01-05 14:55:04 [main] WARN  o.s.b.w.s.s.c.AnnotationConfigServletWebServerApplicationContext - Exception encountered during context initialization - cancelling refresh attempt: java.lang.IllegalStateException: Failed to generate bean name for imported class 'org.springframework.cloud.autoconfigure.RefreshAutoConfiguration'
2026-01-05 14:55:04 [main] INFO  o.s.b.a.l.ConditionEvaluationReportLogger - 

Error starting ApplicationContext. To display the condition evaluation report re-run your application with 'debug' enabled.
2026-01-05 14:55:04 [main] ERROR o.s.boot.SpringApplication - Application run failed
java.lang.IllegalStateException: Failed to generate bean name for imported class 'org.springframework.cloud.autoconfigure.RefreshAutoConfiguration'
	at org.springframework.context.annotation.ConfigurationClassBeanDefinitionReader.registerBeanDefinitionForImportedConfigurationClass(ConfigurationClassBeanDefinitionReader.java:172)
	at org.springframework.context.annotation.ConfigurationClassBeanDefinitionReader.loadBeanDefinitionsForConfigurationClass(ConfigurationClassBeanDefinitionReader.java:145)
	at org.springframework.context.annotation.ConfigurationClassBeanDefinitionReader.loadBeanDefinitions(ConfigurationClassBeanDefinitionReader.java:124)
	at org.springframework.context.annotation.ConfigurationClassPostProcessor.processConfigBeanDefinitions(ConfigurationClassPostProcessor.java:458)
	at org.springframework.context.annotation.ConfigurationClassPostProcessor.postProcessBeanDefinitionRegistry(ConfigurationClassPostProcessor.java:310)
	at org.springframework.context.support.PostProcessorRegistrationDelegate.invokeBeanDefinitionRegistryPostProcessors(PostProcessorRegistrationDelegate.java:349)
	at org.springframework.context.support.PostProcessorRegistrationDelegate.invokeBeanFactoryPostProcessors(PostProcessorRegistrationDelegate.java:118)
	at org.springframework.context.support.AbstractApplicationContext.invokeBeanFactoryPostProcessors(AbstractApplicationContext.java:794)
	at org.springframework.context.support.AbstractApplicationContext.refresh(AbstractApplicationContext.java:602)
	at org.springframework.boot.web.server.servlet.context.ServletWebServerApplicationContext.refresh(ServletWebServerApplicationContext.java:143)
	at org.springframework.boot.SpringApplication.refresh(SpringApplication.java:756)
	at org.springframework.boot.SpringApplication.refreshContext(SpringApplication.java:445)
	at org.springframework.boot.SpringApplication.run(SpringApplication.java:321)
	at org.springframework.boot.SpringApplication.run(SpringApplication.java:1365)
	at org.springframework.boot.SpringApplication.run(SpringApplication.java:1354)
	at com.homework.recognition.RecognitionApplication.main(RecognitionApplication.java:20)
Caused by: java.lang.IllegalArgumentException: Could not find class [org.springframework.boot.autoconfigure.orm.jpa.HibernateJpaAutoConfiguration]
	at org.springframework.util.ClassUtils.resolveClassName(ClassUtils.java:353)
	at org.springframework.core.annotation.TypeMappedAnnotation.adapt(TypeMappedAnnotation.java:451)
	at org.springframework.core.annotation.TypeMappedAnnotation.getValue(TypeMappedAnnotation.java:384)
	at org.springframework.core.annotation.TypeMappedAnnotation.asMap(TypeMappedAnnotation.java:273)
	at org.springframework.core.annotation.AbstractMergedAnnotation.asAnnotationAttributes(AbstractMergedAnnotation.java:191)
	at org.springframework.context.annotation.AnnotationBeanNameGenerator.determineBeanNameFromAnnotation(AnnotationBeanNameGenerator.java:143)
	at org.springframework.context.annotation.AnnotationBeanNameGenerator.generateBeanName(AnnotationBeanNameGenerator.java:110)
	at org.springframework.context.annotation.ConfigurationClassBeanDefinitionReader.registerBeanDefinitionForImportedConfigurationClass(ConfigurationClassBeanDefinitionReader.java:168)
	... 15 common frames omitted
Caused by: java.lang.ClassNotFoundException: org.springframework.boot.autoconfigure.orm.jpa.HibernateJpaAutoConfiguration
	at java.base/jdk.internal.loader.BuiltinClassLoader.loadClass(BuiltinClassLoader.java:641)
	at java.base/jdk.internal.loader.ClassLoaders$AppClassLoader.loadClass(ClassLoaders.java:188)
	at java.base/java.lang.ClassLoader.loadClass(ClassLoader.java:520)
	at java.base/java.lang.Class.forName0(Native Method)
	at java.base/java.lang.Class.forName(Class.java:467)
	at org.springframework.util.ClassUtils.forName(ClassUtils.java:302)
	at org.springframework.util.ClassUtils.resolveClassName(ClassUtils.java:343)
	... 22 common frames omitted
2026-01-05 14:58:20 [main] INFO  c.h.r.RecognitionApplication - Starting RecognitionApplication using Java 17.0.1 with PID 42936 (D:\bianchenglianxi\java\project\face_recognition\recognition\target\classes started by 24148 in D:\bianchenglianxi\java\project\face_recognition\recognition)
2026-01-05 14:58:20 [main] INFO  c.h.r.RecognitionApplication - No active profile set, falling back to 1 default profile: "default"
2026-01-05 14:58:22 [main] INFO  o.s.b.f.s.DefaultListableBeanFactory - Overriding bean definition for bean 'baiduMap.FeignClientSpecification' with an equivalent definition: replacing [Generic bean: class=org.springframework.cloud.openfeign.FeignClientSpecification; scope=; abstract=false; lazyInit=null; autowireMode=0; dependencyCheck=0; autowireCandidate=true; primary=false; fallback=false; factoryBeanName=null; factoryMethodName=null; initMethodNames=null; destroyMethodNames=null] with [Generic bean: class=org.springframework.cloud.openfeign.FeignClientSpecification; scope=; abstract=false; lazyInit=null; autowireMode=0; dependencyCheck=0; autowireCandidate=true; primary=false; fallback=false; factoryBeanName=null; factoryMethodName=null; initMethodNames=null; destroyMethodNames=null]
2026-01-05 14:58:22 [main] INFO  o.s.b.f.s.DefaultListableBeanFactory - Overriding bean definition for bean 'com.homework.common.feign.BaiduMapClient' with an equivalent definition: replacing [Generic bean: class=org.springframework.cloud.openfeign.FeignClientFactoryBean; scope=; abstract=false; lazyInit=null; autowireMode=2; dependencyCheck=0; autowireCandidate=true; primary=true; fallback=false; factoryBeanName=null; factoryMethodName=null; initMethodNames=null; destroyMethodNames=null] with [Generic bean: class=org.springframework.cloud.openfeign.FeignClientFactoryBean; scope=; abstract=false; lazyInit=null; autowireMode=2; dependencyCheck=0; autowireCandidate=true; primary=true; fallback=false; factoryBeanName=null; factoryMethodName=null; initMethodNames=null; destroyMethodNames=null]
2026-01-05 14:58:22 [main] INFO  o.s.b.f.s.DefaultListableBeanFactory - Overriding bean definition for bean 'ipify.FeignClientSpecification' with an equivalent definition: replacing [Generic bean: class=org.springframework.cloud.openfeign.FeignClientSpecification; scope=; abstract=false; lazyInit=null; autowireMode=0; dependencyCheck=0; autowireCandidate=true; primary=false; fallback=false; factoryBeanName=null; factoryMethodName=null; initMethodNames=null; destroyMethodNames=null] with [Generic bean: class=org.springframework.cloud.openfeign.FeignClientSpecification; scope=; abstract=false; lazyInit=null; autowireMode=0; dependencyCheck=0; autowireCandidate=true; primary=false; fallback=false; factoryBeanName=null; factoryMethodName=null; initMethodNames=null; destroyMethodNames=null]
2026-01-05 14:58:22 [main] INFO  o.s.b.f.s.DefaultListableBeanFactory - Overriding bean definition for bean 'com.homework.common.feign.IpifyClient' with an equivalent definition: replacing [Generic bean: class=org.springframework.cloud.openfeign.FeignClientFactoryBean; scope=; abstract=false; lazyInit=null; autowireMode=2; dependencyCheck=0; autowireCandidate=true; primary=true; fallback=false; factoryBeanName=null; factoryMethodName=null; initMethodNames=null; destroyMethodNames=null] with [Generic bean: class=org.springframework.cloud.openfeign.FeignClientFactoryBean; scope=; abstract=false; lazyInit=null; autowireMode=2; dependencyCheck=0; autowireCandidate=true; primary=true; fallback=false; factoryBeanName=null; factoryMethodName=null; initMethodNames=null; destroyMethodNames=null]
2026-01-05 14:58:22 [main] INFO  o.s.b.f.s.DefaultListableBeanFactory - Overriding bean definition for bean 'python-port.FeignClientSpecification' with an equivalent definition: replacing [Generic bean: class=org.springframework.cloud.openfeign.FeignClientSpecification; scope=; abstract=false; lazyInit=null; autowireMode=0; dependencyCheck=0; autowireCandidate=true; primary=false; fallback=false; factoryBeanName=null; factoryMethodName=null; initMethodNames=null; destroyMethodNames=null] with [Generic bean: class=org.springframework.cloud.openfeign.FeignClientSpecification; scope=; abstract=false; lazyInit=null; autowireMode=0; dependencyCheck=0; autowireCandidate=true; primary=false; fallback=false; factoryBeanName=null; factoryMethodName=null; initMethodNames=null; destroyMethodNames=null]
2026-01-05 14:58:22 [main] INFO  o.s.b.f.s.DefaultListableBeanFactory - Overriding bean definition for bean 'com.homework.common.feign.PythonPortClient' with an equivalent definition: replacing [Generic bean: class=org.springframework.cloud.openfeign.FeignClientFactoryBean; scope=; abstract=false; lazyInit=null; autowireMode=2; dependencyCheck=0; autowireCandidate=true; primary=true; fallback=false; factoryBeanName=null; factoryMethodName=null; initMethodNames=null; destroyMethodNames=null] with [Generic bean: class=org.springframework.cloud.openfeign.FeignClientFactoryBean; scope=; abstract=false; lazyInit=null; autowireMode=2; dependencyCheck=0; autowireCandidate=true; primary=true; fallback=false; factoryBeanName=null; factoryMethodName=null; initMethodNames=null; destroyMethodNames=null]
2026-01-05 14:58:23 [main] INFO  o.s.d.r.c.RepositoryConfigurationDelegate - Multiple Spring Data modules found, entering strict repository configuration mode
2026-01-05 14:58:23 [main] INFO  o.s.d.r.c.RepositoryConfigurationDelegate - Bootstrapping Spring Data JDBC repositories in DEFAULT mode.
2026-01-05 14:58:23 [main] INFO  o.s.d.r.c.RepositoryConfigurationDelegate - Finished Spring Data repository scanning in 32 ms. Found 0 JDBC repository interfaces.
2026-01-05 14:58:23 [main] INFO  o.s.d.r.c.RepositoryConfigurationDelegate - Multiple Spring Data modules found, entering strict repository configuration mode
2026-01-05 14:58:23 [main] INFO  o.s.d.r.c.RepositoryConfigurationDelegate - Bootstrapping Spring Data JPA repositories in DEFAULT mode.
2026-01-05 14:58:23 [main] INFO  o.s.d.r.c.RepositoryConfigurationDelegate - Finished Spring Data repository scanning in 12 ms. Found 0 JPA repository interfaces.
2026-01-05 14:58:23 [main] WARN  o.s.b.w.s.s.c.AnnotationConfigServletWebServerApplicationContext - Exception encountered during context initialization - cancelling refresh attempt: java.lang.IllegalStateException: Failed to generate bean name for imported class 'org.springframework.cloud.autoconfigure.RefreshAutoConfiguration'
2026-01-05 14:58:23 [main] INFO  o.s.b.a.l.ConditionEvaluationReportLogger - 

Error starting ApplicationContext. To display the condition evaluation report re-run your application with 'debug' enabled.
2026-01-05 14:58:23 [main] ERROR o.s.boot.SpringApplication - Application run failed
java.lang.IllegalStateException: Failed to generate bean name for imported class 'org.springframework.cloud.autoconfigure.RefreshAutoConfiguration'
	at org.springframework.context.annotation.ConfigurationClassBeanDefinitionReader.registerBeanDefinitionForImportedConfigurationClass(ConfigurationClassBeanDefinitionReader.java:172)
	at org.springframework.context.annotation.ConfigurationClassBeanDefinitionReader.loadBeanDefinitionsForConfigurationClass(ConfigurationClassBeanDefinitionReader.java:145)
	at org.springframework.context.annotation.ConfigurationClassBeanDefinitionReader.loadBeanDefinitions(ConfigurationClassBeanDefinitionReader.java:124)
	at org.springframework.context.annotation.ConfigurationClassPostProcessor.processConfigBeanDefinitions(ConfigurationClassPostProcessor.java:458)
	at org.springframework.context.annotation.ConfigurationClassPostProcessor.postProcessBeanDefinitionRegistry(ConfigurationClassPostProcessor.java:310)
	at org.springframework.context.support.PostProcessorRegistrationDelegate.invokeBeanDefinitionRegistryPostProcessors(PostProcessorRegistrationDelegate.java:349)
	at org.springframework.context.support.PostProcessorRegistrationDelegate.invokeBeanFactoryPostProcessors(PostProcessorRegistrationDelegate.java:118)
	at org.springframework.context.support.AbstractApplicationContext.invokeBeanFactoryPostProcessors(AbstractApplicationContext.java:794)
	at org.springframework.context.support.AbstractApplicationContext.refresh(AbstractApplicationContext.java:602)
	at org.springframework.boot.web.server.servlet.context.ServletWebServerApplicationContext.refresh(ServletWebServerApplicationContext.java:143)
	at org.springframework.boot.SpringApplication.refresh(SpringApplication.java:756)
	at org.springframework.boot.SpringApplication.refreshContext(SpringApplication.java:445)
	at org.springframework.boot.SpringApplication.run(SpringApplication.java:321)
	at org.springframework.boot.SpringApplication.run(SpringApplication.java:1365)
	at org.springframework.boot.SpringApplication.run(SpringApplication.java:1354)
	at com.homework.recognition.RecognitionApplication.main(RecognitionApplication.java:20)
Caused by: java.lang.IllegalArgumentException: Could not find class [org.springframework.boot.autoconfigure.orm.jpa.HibernateJpaAutoConfiguration]
	at org.springframework.util.ClassUtils.resolveClassName(ClassUtils.java:353)
	at org.springframework.core.annotation.TypeMappedAnnotation.adapt(TypeMappedAnnotation.java:451)
	at org.springframework.core.annotation.TypeMappedAnnotation.getValue(TypeMappedAnnotation.java:384)
	at org.springframework.core.annotation.TypeMappedAnnotation.asMap(TypeMappedAnnotation.java:273)
	at org.springframework.core.annotation.AbstractMergedAnnotation.asAnnotationAttributes(AbstractMergedAnnotation.java:191)
	at org.springframework.context.annotation.AnnotationBeanNameGenerator.determineBeanNameFromAnnotation(AnnotationBeanNameGenerator.java:143)
	at org.springframework.context.annotation.AnnotationBeanNameGenerator.generateBeanName(AnnotationBeanNameGenerator.java:110)
	at org.springframework.context.annotation.ConfigurationClassBeanDefinitionReader.registerBeanDefinitionForImportedConfigurationClass(ConfigurationClassBeanDefinitionReader.java:168)
	... 15 common frames omitted
Caused by: java.lang.ClassNotFoundException: org.springframework.boot.autoconfigure.orm.jpa.HibernateJpaAutoConfiguration
	at java.base/jdk.internal.loader.BuiltinClassLoader.loadClass(BuiltinClassLoader.java:641)
	at java.base/jdk.internal.loader.ClassLoaders$AppClassLoader.loadClass(ClassLoaders.java:188)
	at java.base/java.lang.ClassLoader.loadClass(ClassLoader.java:520)
	at java.base/java.lang.Class.forName0(Native Method)
	at java.base/java.lang.Class.forName(Class.java:467)
	at org.springframework.util.ClassUtils.forName(ClassUtils.java:302)
	at org.springframework.util.ClassUtils.resolveClassName(ClassUtils.java:343)
	... 22 common frames omitted
2026-01-05 14:59:07 [main] INFO  c.h.r.RecognitionApplication - Starting RecognitionApplication using Java 17.0.1 with PID 28976 (D:\bianchenglianxi\java\project\face_recognition\recognition\target\classes started by 24148 in D:\bianchenglianxi\java\project\face_recognition\recognition)
2026-01-05 14:59:07 [main] INFO  c.h.r.RecognitionApplication - No active profile set, falling back to 1 default profile: "default"
2026-01-05 14:59:08 [main] INFO  o.s.b.f.s.DefaultListableBeanFactory - Overriding bean definition for bean 'baiduMap.FeignClientSpecification' with an equivalent definition: replacing [Generic bean: class=org.springframework.cloud.openfeign.FeignClientSpecification; scope=; abstract=false; lazyInit=null; autowireMode=0; dependencyCheck=0; autowireCandidate=true; primary=false; fallback=false; factoryBeanName=null; factoryMethodName=null; initMethodNames=null; destroyMethodNames=null] with [Generic bean: class=org.springframework.cloud.openfeign.FeignClientSpecification; scope=; abstract=false; lazyInit=null; autowireMode=0; dependencyCheck=0; autowireCandidate=true; primary=false; fallback=false; factoryBeanName=null; factoryMethodName=null; initMethodNames=null; destroyMethodNames=null]
2026-01-05 14:59:08 [main] INFO  o.s.b.f.s.DefaultListableBeanFactory - Overriding bean definition for bean 'com.homework.common.feign.BaiduMapClient' with an equivalent definition: replacing [Generic bean: class=org.springframework.cloud.openfeign.FeignClientFactoryBean; scope=; abstract=false; lazyInit=null; autowireMode=2; dependencyCheck=0; autowireCandidate=true; primary=true; fallback=false; factoryBeanName=null; factoryMethodName=null; initMethodNames=null; destroyMethodNames=null] with [Generic bean: class=org.springframework.cloud.openfeign.FeignClientFactoryBean; scope=; abstract=false; lazyInit=null; autowireMode=2; dependencyCheck=0; autowireCandidate=true; primary=true; fallback=false; factoryBeanName=null; factoryMethodName=null; initMethodNames=null; destroyMethodNames=null]
2026-01-05 14:59:08 [main] INFO  o.s.b.f.s.DefaultListableBeanFactory - Overriding bean definition for bean 'ipify.FeignClientSpecification' with an equivalent definition: replacing [Generic bean: class=org.springframework.cloud.openfeign.FeignClientSpecification; scope=; abstract=false; lazyInit=null; autowireMode=0; dependencyCheck=0; autowireCandidate=true; primary=false; fallback=false; factoryBeanName=null; factoryMethodName=null; initMethodNames=null; destroyMethodNames=null] with [Generic bean: class=org.springframework.cloud.openfeign.FeignClientSpecification; scope=; abstract=false; lazyInit=null; autowireMode=0; dependencyCheck=0; autowireCandidate=true; primary=false; fallback=false; factoryBeanName=null; factoryMethodName=null; initMethodNames=null; destroyMethodNames=null]
2026-01-05 14:59:08 [main] INFO  o.s.b.f.s.DefaultListableBeanFactory - Overriding bean definition for bean 'com.homework.common.feign.IpifyClient' with an equivalent definition: replacing [Generic bean: class=org.springframework.cloud.openfeign.FeignClientFactoryBean; scope=; abstract=false; lazyInit=null; autowireMode=2; dependencyCheck=0; autowireCandidate=true; primary=true; fallback=false; factoryBeanName=null; factoryMethodName=null; initMethodNames=null; destroyMethodNames=null] with [Generic bean: class=org.springframework.cloud.openfeign.FeignClientFactoryBean; scope=; abstract=false; lazyInit=null; autowireMode=2; dependencyCheck=0; autowireCandidate=true; primary=true; fallback=false; factoryBeanName=null; factoryMethodName=null; initMethodNames=null; destroyMethodNames=null]
2026-01-05 14:59:08 [main] INFO  o.s.b.f.s.DefaultListableBeanFactory - Overriding bean definition for bean 'python-port.FeignClientSpecification' with an equivalent definition: replacing [Generic bean: class=org.springframework.cloud.openfeign.FeignClientSpecification; scope=; abstract=false; lazyInit=null; autowireMode=0; dependencyCheck=0; autowireCandidate=true; primary=false; fallback=false; factoryBeanName=null; factoryMethodName=null; initMethodNames=null; destroyMethodNames=null] with [Generic bean: class=org.springframework.cloud.openfeign.FeignClientSpecification; scope=; abstract=false; lazyInit=null; autowireMode=0; dependencyCheck=0; autowireCandidate=true; primary=false; fallback=false; factoryBeanName=null; factoryMethodName=null; initMethodNames=null; destroyMethodNames=null]
2026-01-05 14:59:08 [main] INFO  o.s.b.f.s.DefaultListableBeanFactory - Overriding bean definition for bean 'com.homework.common.feign.PythonPortClient' with an equivalent definition: replacing [Generic bean: class=org.springframework.cloud.openfeign.FeignClientFactoryBean; scope=; abstract=false; lazyInit=null; autowireMode=2; dependencyCheck=0; autowireCandidate=true; primary=true; fallback=false; factoryBeanName=null; factoryMethodName=null; initMethodNames=null; destroyMethodNames=null] with [Generic bean: class=org.springframework.cloud.openfeign.FeignClientFactoryBean; scope=; abstract=false; lazyInit=null; autowireMode=2; dependencyCheck=0; autowireCandidate=true; primary=true; fallback=false; factoryBeanName=null; factoryMethodName=null; initMethodNames=null; destroyMethodNames=null]
2026-01-05 14:59:08 [main] INFO  o.s.d.r.c.RepositoryConfigurationDelegate - Multiple Spring Data modules found, entering strict repository configuration mode
2026-01-05 14:59:08 [main] INFO  o.s.d.r.c.RepositoryConfigurationDelegate - Bootstrapping Spring Data JDBC repositories in DEFAULT mode.
2026-01-05 14:59:08 [main] INFO  o.s.d.r.c.RepositoryConfigurationDelegate - Finished Spring Data repository scanning in 22 ms. Found 0 JDBC repository interfaces.
2026-01-05 14:59:08 [main] INFO  o.s.d.r.c.RepositoryConfigurationDelegate - Multiple Spring Data modules found, entering strict repository configuration mode
2026-01-05 14:59:08 [main] INFO  o.s.d.r.c.RepositoryConfigurationDelegate - Bootstrapping Spring Data JPA repositories in DEFAULT mode.
2026-01-05 14:59:08 [main] INFO  o.s.d.r.c.RepositoryConfigurationDelegate - Finished Spring Data repository scanning in 5 ms. Found 0 JPA repository interfaces.
2026-01-05 14:59:09 [main] WARN  o.s.b.w.s.s.c.AnnotationConfigServletWebServerApplicationContext - Exception encountered during context initialization - cancelling refresh attempt: java.lang.IllegalStateException: Error processing condition on org.springframework.cloud.client.discovery.simple.SimpleDiscoveryClientAutoConfiguration.simpleDiscoveryProperties
2026-01-05 14:59:09 [main] INFO  o.s.b.a.l.ConditionEvaluationReportLogger - 

Error starting ApplicationContext. To display the condition evaluation report re-run your application with 'debug' enabled.
2026-01-05 14:59:09 [main] ERROR o.s.boot.SpringApplication - Application run failed
java.lang.IllegalStateException: Error processing condition on org.springframework.cloud.client.discovery.simple.SimpleDiscoveryClientAutoConfiguration.simpleDiscoveryProperties
	at org.springframework.boot.autoconfigure.condition.SpringBootCondition.matches(SpringBootCondition.java:60)
	at org.springframework.context.annotation.ConditionEvaluator.shouldSkip(ConditionEvaluator.java:100)
	at org.springframework.context.annotation.ConfigurationClassBeanDefinitionReader.loadBeanDefinitionsForBeanMethod(ConfigurationClassBeanDefinitionReader.java:196)
	at org.springframework.context.annotation.ConfigurationClassBeanDefinitionReader.loadBeanDefinitionsForConfigurationClass(ConfigurationClassBeanDefinitionReader.java:148)
	at org.springframework.context.annotation.ConfigurationClassBeanDefinitionReader.loadBeanDefinitions(ConfigurationClassBeanDefinitionReader.java:124)
	at org.springframework.context.annotation.ConfigurationClassPostProcessor.processConfigBeanDefinitions(ConfigurationClassPostProcessor.java:458)
	at org.springframework.context.annotation.ConfigurationClassPostProcessor.postProcessBeanDefinitionRegistry(ConfigurationClassPostProcessor.java:310)
	at org.springframework.context.support.PostProcessorRegistrationDelegate.invokeBeanDefinitionRegistryPostProcessors(PostProcessorRegistrationDelegate.java:349)
	at org.springframework.context.support.PostProcessorRegistrationDelegate.invokeBeanFactoryPostProcessors(PostProcessorRegistrationDelegate.java:118)
	at org.springframework.context.support.AbstractApplicationContext.invokeBeanFactoryPostProcessors(AbstractApplicationContext.java:794)
	at org.springframework.context.support.AbstractApplicationContext.refresh(AbstractApplicationContext.java:602)
	at org.springframework.boot.web.server.servlet.context.ServletWebServerApplicationContext.refresh(ServletWebServerApplicationContext.java:143)
	at org.springframework.boot.SpringApplication.refresh(SpringApplication.java:756)
	at org.springframework.boot.SpringApplication.refreshContext(SpringApplication.java:445)
	at org.springframework.boot.SpringApplication.run(SpringApplication.java:321)
	at org.springframework.boot.SpringApplication.run(SpringApplication.java:1365)
	at org.springframework.boot.SpringApplication.run(SpringApplication.java:1354)
	at com.homework.recognition.RecognitionApplication.main(RecognitionApplication.java:21)
Caused by: java.lang.IllegalStateException: @ConditionalOnMissingBean did not specify a bean using type, name or annotation and the attempt to deduce the bean's type failed
	at org.springframework.boot.autoconfigure.condition.OnBeanCondition$Spec.validate(OnBeanCondition.java:654)
	at org.springframework.boot.autoconfigure.condition.OnBeanCondition$Spec.<init>(OnBeanCondition.java:600)
	at org.springframework.boot.autoconfigure.condition.OnBeanCondition.getMatchOutcome(OnBeanCondition.java:147)
	at org.springframework.boot.autoconfigure.condition.SpringBootCondition.matches(SpringBootCondition.java:47)
	... 17 common frames omitted
Caused by: org.springframework.boot.autoconfigure.condition.OnBeanCondition$BeanTypeDeductionException: Failed to deduce bean type for org.springframework.cloud.client.discovery.simple.SimpleDiscoveryClientAutoConfiguration.simpleDiscoveryProperties
	at org.springframework.boot.autoconfigure.condition.OnBeanCondition$Spec.deducedBeanTypeForBeanMethod(OnBeanCondition.java:683)
	at org.springframework.boot.autoconfigure.condition.OnBeanCondition$Spec.deducedBeanType(OnBeanCondition.java:673)
	at org.springframework.boot.autoconfigure.condition.OnBeanCondition$Spec.<init>(OnBeanCondition.java:593)
	... 19 common frames omitted
Caused by: java.lang.IllegalStateException: Failed to introspect Class [org.springframework.cloud.client.discovery.simple.SimpleDiscoveryClientAutoConfiguration] from ClassLoader [jdk.internal.loader.ClassLoaders$AppClassLoader@33909752]
	at org.springframework.util.ReflectionUtils.getDeclaredMethods(ReflectionUtils.java:483)
	at org.springframework.util.ReflectionUtils.findMethod(ReflectionUtils.java:240)
	at org.springframework.util.ReflectionUtils.findMethod(ReflectionUtils.java:221)
	at org.springframework.boot.autoconfigure.condition.OnBeanCondition$Spec.findBeanMethod(OnBeanCondition.java:712)
	at org.springframework.boot.autoconfigure.condition.OnBeanCondition$Spec.getMethodReturnType(OnBeanCondition.java:707)
	at org.springframework.boot.autoconfigure.condition.OnBeanCondition$Spec.getReturnType(OnBeanCondition.java:691)
	at org.springframework.boot.autoconfigure.condition.OnBeanCondition$Spec.deducedBeanTypeForBeanMethod(OnBeanCondition.java:680)
	... 21 common frames omitted
Caused by: java.lang.NoClassDefFoundError: org/springframework/boot/web/context/WebServerInitializedEvent
	at java.base/java.lang.Class.getDeclaredMethods0(Native Method)
	at java.base/java.lang.Class.privateGetDeclaredMethods(Class.java:3402)
	at java.base/java.lang.Class.getDeclaredMethods(Class.java:2504)
	at org.springframework.util.ReflectionUtils.getDeclaredMethods(ReflectionUtils.java:465)
	... 27 common frames omitted
Caused by: java.lang.ClassNotFoundException: org.springframework.boot.web.context.WebServerInitializedEvent
	at java.base/jdk.internal.loader.BuiltinClassLoader.loadClass(BuiltinClassLoader.java:641)
	at java.base/jdk.internal.loader.ClassLoaders$AppClassLoader.loadClass(ClassLoaders.java:188)
	at java.base/java.lang.ClassLoader.loadClass(ClassLoader.java:520)
	... 31 common frames omitted
2026-01-05 15:00:05 [main] INFO  c.h.r.RecognitionApplication - Starting RecognitionApplication using Java 17.0.1 with PID 3928 (D:\bianchenglianxi\java\project\face_recognition\recognition\target\classes started by 24148 in D:\bianchenglianxi\java\project\face_recognition\recognition)
2026-01-05 15:00:05 [main] INFO  c.h.r.RecognitionApplication - No active profile set, falling back to 1 default profile: "default"
2026-01-05 15:00:05 [main] WARN  o.s.b.w.s.c.AnnotationConfigServletWebServerApplicationContext - Exception encountered during context initialization - cancelling refresh attempt: org.springframework.beans.factory.BeanDefinitionStoreException: Failed to parse configuration class [com.homework.recognition.RecognitionApplication]
2026-01-05 15:00:06 [main] ERROR o.s.boot.SpringApplication - Application run failed
org.springframework.beans.factory.BeanDefinitionStoreException: Failed to parse configuration class [com.homework.recognition.RecognitionApplication]
	at org.springframework.context.annotation.ConfigurationClassParser.parse(ConfigurationClassParser.java:179)
	at org.springframework.context.annotation.ConfigurationClassPostProcessor.processConfigBeanDefinitions(ConfigurationClassPostProcessor.java:416)
	at org.springframework.context.annotation.ConfigurationClassPostProcessor.postProcessBeanDefinitionRegistry(ConfigurationClassPostProcessor.java:289)
	at org.springframework.context.support.PostProcessorRegistrationDelegate.invokeBeanDefinitionRegistryPostProcessors(PostProcessorRegistrationDelegate.java:349)
	at org.springframework.context.support.PostProcessorRegistrationDelegate.invokeBeanFactoryPostProcessors(PostProcessorRegistrationDelegate.java:118)
	at org.springframework.context.support.AbstractApplicationContext.invokeBeanFactoryPostProcessors(AbstractApplicationContext.java:789)
	at org.springframework.context.support.AbstractApplicationContext.refresh(AbstractApplicationContext.java:606)
	at org.springframework.boot.web.servlet.context.ServletWebServerApplicationContext.refresh(ServletWebServerApplicationContext.java:146)
	at org.springframework.boot.SpringApplication.refresh(SpringApplication.java:762)
	at org.springframework.boot.SpringApplication.refreshContext(SpringApplication.java:464)
	at org.springframework.boot.SpringApplication.run(SpringApplication.java:334)
	at org.springframework.boot.SpringApplication.run(SpringApplication.java:1358)
	at org.springframework.boot.SpringApplication.run(SpringApplication.java:1347)
	at com.homework.recognition.RecognitionApplication.main(RecognitionApplication.java:21)
Caused by: java.lang.IllegalArgumentException: Could not find class [org.springframework.boot.webmvc.autoconfigure.WebMvcAutoConfiguration]
	at org.springframework.util.ClassUtils.resolveClassName(ClassUtils.java:355)
	at org.springframework.core.annotation.TypeMappedAnnotation.adapt(TypeMappedAnnotation.java:465)
	at org.springframework.core.annotation.TypeMappedAnnotation.getValue(TypeMappedAnnotation.java:390)
	at org.springframework.core.annotation.TypeMappedAnnotation.asMap(TypeMappedAnnotation.java:278)
	at org.springframework.core.annotation.AbstractMergedAnnotation.asAnnotationAttributes(AbstractMergedAnnotation.java:191)
	at org.springframework.context.annotation.AnnotationBeanNameGenerator.determineBeanNameFromAnnotation(AnnotationBeanNameGenerator.java:144)
	at org.springframework.context.annotation.AnnotationBeanNameGenerator.generateBeanName(AnnotationBeanNameGenerator.java:110)
	at org.springframework.context.annotation.ClassPathBeanDefinitionScanner.doScan(ClassPathBeanDefinitionScanner.java:281)
	at org.springframework.context.annotation.ComponentScanAnnotationParser.parse(ComponentScanAnnotationParser.java:128)
	at org.springframework.context.annotation.ConfigurationClassParser.doProcessConfigurationClass(ConfigurationClassParser.java:306)
	at org.springframework.context.annotation.ConfigurationClassParser.processConfigurationClass(ConfigurationClassParser.java:246)
	at org.springframework.context.annotation.ConfigurationClassParser.parse(ConfigurationClassParser.java:197)
	at org.springframework.context.annotation.ConfigurationClassParser.parse(ConfigurationClassParser.java:165)
	... 13 common frames omitted
Caused by: java.lang.ClassNotFoundException: org.springframework.boot.webmvc.autoconfigure.WebMvcAutoConfiguration
	at java.base/jdk.internal.loader.BuiltinClassLoader.loadClass(BuiltinClassLoader.java:641)
	at java.base/jdk.internal.loader.ClassLoaders$AppClassLoader.loadClass(ClassLoaders.java:188)
	at java.base/java.lang.ClassLoader.loadClass(ClassLoader.java:520)
	at java.base/java.lang.Class.forName0(Native Method)
	at java.base/java.lang.Class.forName(Class.java:467)
	at org.springframework.util.ClassUtils.forName(ClassUtils.java:304)
	at org.springframework.util.ClassUtils.resolveClassName(ClassUtils.java:345)
	... 25 common frames omitted
2026-01-05 23:14:55 [main] INFO  c.h.r.RecognitionApplication - Starting RecognitionApplication using Java 17.0.1 with PID 52152 (D:\bianchenglianxi\java\project\face_recognition\recognition\target\classes started by 24148 in D:\bianchenglianxi\java\project\face_recognition\recognition)
2026-01-05 23:14:55 [main] INFO  c.h.r.RecognitionApplication - No active profile set, falling back to 1 default profile: "default"
2026-01-05 23:14:57 [main] INFO  o.s.d.r.c.RepositoryConfigurationDelegate - Multiple Spring Data modules found, entering strict repository configuration mode
2026-01-05 23:14:57 [main] INFO  o.s.d.r.c.RepositoryConfigurationDelegate - Bootstrapping Spring Data JDBC repositories in DEFAULT mode.
2026-01-05 23:14:57 [main] INFO  o.s.d.r.c.RepositoryConfigurationExtensionSupport - Spring Data JDBC - Could not safely identify store assignment for repository candidate interface com.homework.recognition.repository.AttendanceRecordRepository; If you want this repository to be a JDBC repository, consider annotating your entities with one of these annotations: org.springframework.data.relational.core.mapping.Table.
2026-01-05 23:14:57 [main] INFO  o.s.d.r.c.RepositoryConfigurationExtensionSupport - Spring Data JDBC - Could not safely identify store assignment for repository candidate interface com.homework.recognition.repository.FaceRecognitionLogRepository; If you want this repository to be a JDBC repository, consider annotating your entities with one of these annotations: org.springframework.data.relational.core.mapping.Table.
2026-01-05 23:14:57 [main] INFO  o.s.d.r.c.RepositoryConfigurationDelegate - Finished Spring Data repository scanning in 32 ms. Found 0 JDBC repository interfaces.
2026-01-05 23:14:57 [main] INFO  o.s.d.r.c.RepositoryConfigurationDelegate - Multiple Spring Data modules found, entering strict repository configuration mode
2026-01-05 23:14:57 [main] INFO  o.s.d.r.c.RepositoryConfigurationDelegate - Bootstrapping Spring Data JPA repositories in DEFAULT mode.
2026-01-05 23:14:57 [main] INFO  o.s.d.r.c.RepositoryConfigurationDelegate - Finished Spring Data repository scanning in 156 ms. Found 2 JPA repository interfaces.
2026-01-05 23:14:58 [main] WARN  o.s.c.s.PostProcessorRegistrationDelegate$BeanPostProcessorChecker - Bean 'org.springframework.cloud.client.loadbalancer.LoadBalancerAutoConfiguration$LoadBalancerInterceptorConfig' of type [org.springframework.cloud.client.loadbalancer.LoadBalancerAutoConfiguration$LoadBalancerInterceptorConfig] is not eligible for getting processed by all BeanPostProcessors (for example: not eligible for auto-proxying). The currently created BeanPostProcessor [lbRestClientPostProcessor] is declared through a non-static factory method on that class; consider declaring it as static instead.
2026-01-05 23:14:58 [main] WARN  o.s.c.s.PostProcessorRegistrationDelegate$BeanPostProcessorChecker - Bean 'org.springframework.cloud.loadbalancer.config.BlockingLoadBalancerClientAutoConfiguration' of type [org.springframework.cloud.loadbalancer.config.BlockingLoadBalancerClientAutoConfiguration] is not eligible for getting processed by all BeanPostProcessors (for example: not eligible for auto-proxying). Is this bean getting eagerly injected into a currently created BeanPostProcessor [lbRestClientPostProcessor]? Check the corresponding BeanPostProcessor declaration and its dependencies.
2026-01-05 23:14:58 [main] WARN  o.s.c.s.PostProcessorRegistrationDelegate$BeanPostProcessorChecker - Bean 'org.springframework.cloud.loadbalancer.config.LoadBalancerAutoConfiguration' of type [org.springframework.cloud.loadbalancer.config.LoadBalancerAutoConfiguration] is not eligible for getting processed by all BeanPostProcessors (for example: not eligible for auto-proxying). Is this bean getting eagerly injected into a currently created BeanPostProcessor [lbRestClientPostProcessor]? Check the corresponding BeanPostProcessor declaration and its dependencies.
2026-01-05 23:14:58 [main] WARN  o.s.c.s.PostProcessorRegistrationDelegate$BeanPostProcessorChecker - Bean 'org.springframework.cloud.commons.config.CommonsConfigAutoConfiguration' of type [org.springframework.cloud.commons.config.CommonsConfigAutoConfiguration] is not eligible for getting processed by all BeanPostProcessors (for example: not eligible for auto-proxying). Is this bean getting eagerly injected into a currently created BeanPostProcessor [lbRestClientPostProcessor]? Check the corresponding BeanPostProcessor declaration and its dependencies.
2026-01-05 23:14:58 [main] WARN  o.s.c.s.PostProcessorRegistrationDelegate$BeanPostProcessorChecker - Bean 'org.springframework.cloud.client.loadbalancer.LoadBalancerDefaultMappingsProviderAutoConfiguration' of type [org.springframework.cloud.client.loadbalancer.LoadBalancerDefaultMappingsProviderAutoConfiguration] is not eligible for getting processed by all BeanPostProcessors (for example: not eligible for auto-proxying). Is this bean getting eagerly injected into a currently created BeanPostProcessor [lbRestClientPostProcessor]? Check the corresponding BeanPostProcessor declaration and its dependencies.
2026-01-05 23:14:58 [main] WARN  o.s.c.s.PostProcessorRegistrationDelegate$BeanPostProcessorChecker - Bean 'loadBalancerClientsDefaultsMappingsProvider' of type [org.springframework.cloud.client.loadbalancer.LoadBalancerDefaultMappingsProviderAutoConfiguration$$Lambda$733/0x0000000801083620] is not eligible for getting processed by all BeanPostProcessors (for example: not eligible for auto-proxying). Is this bean getting eagerly injected into a currently created BeanPostProcessor [lbRestClientPostProcessor]? Check the corresponding BeanPostProcessor declaration and its dependencies.
2026-01-05 23:14:58 [main] WARN  o.s.c.s.PostProcessorRegistrationDelegate$BeanPostProcessorChecker - Bean 'defaultsBindHandlerAdvisor' of type [org.springframework.cloud.commons.config.DefaultsBindHandlerAdvisor] is not eligible for getting processed by all BeanPostProcessors (for example: not eligible for auto-proxying). Is this bean getting eagerly injected into a currently created BeanPostProcessor [lbRestClientPostProcessor]? Check the corresponding BeanPostProcessor declaration and its dependencies.
2026-01-05 23:14:58 [main] WARN  o.s.c.s.PostProcessorRegistrationDelegate$BeanPostProcessorChecker - Bean 'spring.cloud.loadbalancer-org.springframework.cloud.client.loadbalancer.LoadBalancerClientsProperties' of type [org.springframework.cloud.client.loadbalancer.LoadBalancerClientsProperties] is not eligible for getting processed by all BeanPostProcessors (for example: not eligible for auto-proxying). Is this bean getting eagerly injected into a currently created BeanPostProcessor [lbRestClientPostProcessor]? Check the corresponding BeanPostProcessor declaration and its dependencies.
2026-01-05 23:14:58 [main] WARN  o.s.c.s.PostProcessorRegistrationDelegate$BeanPostProcessorChecker - Bean 'default.org.springframework.cloud.loadbalancer.config.LoadBalancerAutoConfiguration.LoadBalancerClientSpecification' of type [org.springframework.cloud.loadbalancer.annotation.LoadBalancerClientSpecification] is not eligible for getting processed by all BeanPostProcessors (for example: not eligible for auto-proxying). Is this bean getting eagerly injected into a currently created BeanPostProcessor [lbRestClientPostProcessor]? Check the corresponding BeanPostProcessor declaration and its dependencies.
2026-01-05 23:14:58 [main] WARN  o.s.c.s.PostProcessorRegistrationDelegate$BeanPostProcessorChecker - Bean 'default.org.springframework.cloud.loadbalancer.config.BlockingLoadBalancerClientAutoConfiguration.LoadBalancerClientSpecification' of type [org.springframework.cloud.loadbalancer.annotation.LoadBalancerClientSpecification] is not eligible for getting processed by all BeanPostProcessors (for example: not eligible for auto-proxying). Is this bean getting eagerly injected into a currently created BeanPostProcessor [lbRestClientPostProcessor]? Check the corresponding BeanPostProcessor declaration and its dependencies.
2026-01-05 23:14:58 [main] WARN  o.s.c.s.PostProcessorRegistrationDelegate$BeanPostProcessorChecker - Bean 'loadBalancerClientFactory' of type [org.springframework.cloud.loadbalancer.support.LoadBalancerClientFactory] is not eligible for getting processed by all BeanPostProcessors (for example: not eligible for auto-proxying). Is this bean getting eagerly injected into a currently created BeanPostProcessor [lbRestClientPostProcessor]? Check the corresponding BeanPostProcessor declaration and its dependencies.
2026-01-05 23:14:58 [main] WARN  o.s.c.s.PostProcessorRegistrationDelegate$BeanPostProcessorChecker - Bean 'blockingLoadBalancerClient' of type [org.springframework.cloud.loadbalancer.blocking.client.BlockingLoadBalancerClient] is not eligible for getting processed by all BeanPostProcessors (for example: not eligible for auto-proxying). Is this bean getting eagerly injected into a currently created BeanPostProcessor [lbRestClientPostProcessor]? Check the corresponding BeanPostProcessor declaration and its dependencies.
2026-01-05 23:14:58 [main] WARN  o.s.c.s.PostProcessorRegistrationDelegate$BeanPostProcessorChecker - Bean 'loadBalancerServiceInstanceCookieTransformer' of type [org.springframework.cloud.loadbalancer.core.LoadBalancerServiceInstanceCookieTransformer] is not eligible for getting processed by all BeanPostProcessors (for example: not eligible for auto-proxying). Is this bean getting eagerly injected into a currently created BeanPostProcessor [lbRestClientPostProcessor]? Check the corresponding BeanPostProcessor declaration and its dependencies.
2026-01-05 23:14:58 [main] WARN  o.s.c.s.PostProcessorRegistrationDelegate$BeanPostProcessorChecker - Bean 'xForwarderHeadersTransformer' of type [org.springframework.cloud.loadbalancer.blocking.XForwardedHeadersTransformer] is not eligible for getting processed by all BeanPostProcessors (for example: not eligible for auto-proxying). Is this bean getting eagerly injected into a currently created BeanPostProcessor [lbRestClientPostProcessor]? Check the corresponding BeanPostProcessor declaration and its dependencies.
2026-01-05 23:14:58 [main] WARN  o.s.c.s.PostProcessorRegistrationDelegate$BeanPostProcessorChecker - Bean 'org.springframework.cloud.client.loadbalancer.LoadBalancerAutoConfiguration' of type [org.springframework.cloud.client.loadbalancer.LoadBalancerAutoConfiguration] is not eligible for getting processed by all BeanPostProcessors (for example: not eligible for auto-proxying). Is this bean getting eagerly injected into a currently created BeanPostProcessor [lbRestClientPostProcessor]? Check the corresponding BeanPostProcessor declaration and its dependencies.
2026-01-05 23:14:58 [main] WARN  o.s.c.s.PostProcessorRegistrationDelegate$BeanPostProcessorChecker - Bean 'loadBalancerRequestFactory' of type [org.springframework.cloud.client.loadbalancer.LoadBalancerRequestFactory] is not eligible for getting processed by all BeanPostProcessors (for example: not eligible for auto-proxying). Is this bean getting eagerly injected into a currently created BeanPostProcessor [lbRestClientPostProcessor]? Check the corresponding BeanPostProcessor declaration and its dependencies.
2026-01-05 23:14:58 [main] WARN  o.s.c.s.PostProcessorRegistrationDelegate$BeanPostProcessorChecker - Bean 'loadBalancerInterceptor' of type [org.springframework.cloud.client.loadbalancer.LoadBalancerInterceptor] is not eligible for getting processed by all BeanPostProcessors (for example: not eligible for auto-proxying). Is this bean getting eagerly injected into a currently created BeanPostProcessor [lbRestClientPostProcessor]? Check the corresponding BeanPostProcessor declaration and its dependencies.
2026-01-05 23:14:58 [main] INFO  o.s.b.w.e.tomcat.TomcatWebServer - Tomcat initialized with port 0 (http)
2026-01-05 23:14:58 [main] INFO  o.a.coyote.http11.Http11NioProtocol - Initializing ProtocolHandler ["http-nio-auto-1"]
2026-01-05 23:14:58 [main] INFO  o.a.catalina.core.StandardService - Starting service [Tomcat]
2026-01-05 23:14:58 [main] INFO  o.a.catalina.core.StandardEngine - Starting Servlet engine: [Apache Tomcat/10.1.17]
2026-01-05 23:14:58 [main] INFO  o.a.c.c.C.[Tomcat].[localhost].[/] - Initializing Spring embedded WebApplicationContext
2026-01-05 23:14:58 [main] INFO  o.s.b.w.s.c.ServletWebServerApplicationContext - Root WebApplicationContext: initialization completed in 2995 ms
2026-01-05 23:14:59 [main] INFO  com.zaxxer.hikari.HikariDataSource - HikariPool-1 - Starting...
2026-01-05 23:14:59 [main] INFO  com.zaxxer.hikari.pool.HikariPool - HikariPool-1 - Added connection com.mysql.cj.jdbc.ConnectionImpl@27e21083
2026-01-05 23:14:59 [main] INFO  com.zaxxer.hikari.HikariDataSource - HikariPool-1 - Start completed.
2026-01-05 23:14:59 [main] INFO  o.h.jpa.internal.util.LogHelper - HHH000204: Processing PersistenceUnitInfo [name: default]
2026-01-05 23:14:59 [main] INFO  org.hibernate.Version - HHH000412: Hibernate ORM core version 6.4.1.Final
2026-01-05 23:14:59 [main] INFO  o.h.c.i.RegionFactoryInitiator - HHH000026: Second-level cache disabled
2026-01-05 23:15:00 [main] INFO  o.s.o.j.p.SpringPersistenceUnitInfo - No LoadTimeWeaver setup: ignoring JPA class transformer
2026-01-05 23:15:00 [main] INFO  o.h.e.t.j.p.i.JtaPlatformInitiator - HHH000489: No JTA platform available (set 'hibernate.transaction.jta.platform' to enable JTA platform integration)
2026-01-05 23:15:00 [main] INFO  o.s.o.j.LocalContainerEntityManagerFactoryBean - Initialized JPA EntityManagerFactory for persistence unit 'default'
2026-01-05 23:15:01 [main] WARN  o.s.b.a.o.j.JpaBaseConfiguration$JpaWebConfiguration - spring.jpa.open-in-view is enabled by default. Therefore, database queries may be performed during view rendering. Explicitly configure spring.jpa.open-in-view to disable this warning
2026-01-05 23:15:01 [main] INFO  o.s.c.o.FeignClientFactoryBean - For 'python-port' URL not provided. Will try picking an instance via load-balancing.
2026-01-05 23:15:01 [main] INFO  o.s.c.o.FeignClientFactoryBean - For 'voice-synthesis' URL not provided. Will try picking an instance via load-balancing.
2026-01-05 23:15:02 [main] WARN  o.s.b.a.s.s.UserDetailsServiceAutoConfiguration - 

Using generated security password: 7137cd8c-f71c-4c7a-a03b-f58365ed7ef0

This generated password is for development use only. Your security configuration must be updated before running your application in production.

2026-01-05 23:15:02 [main] INFO  o.s.s.web.DefaultSecurityFilterChain - Will secure any request with [org.springframework.security.web.session.DisableEncodeUrlFilter@57c7ec30, org.springframework.security.web.context.request.async.WebAsyncManagerIntegrationFilter@729de0e1, org.springframework.security.web.context.SecurityContextHolderFilter@714d7c7b, org.springframework.security.web.header.HeaderWriterFilter@77511e9c, org.springframework.web.filter.CorsFilter@2c8c42c, org.springframework.security.web.authentication.logout.LogoutFilter@6ebf9c2d, org.springframework.security.web.savedrequest.RequestCacheAwareFilter@99948fe, org.springframework.security.web.servletapi.SecurityContextHolderAwareRequestFilter@4c31b6c2, org.springframework.security.web.authentication.AnonymousAuthenticationFilter@5032b2e, org.springframework.security.web.session.SessionManagementFilter@22942eff, org.springframework.security.web.access.ExceptionTranslationFilter@6e757f39, org.springframework.security.web.access.intercept.AuthorizationFilter@38991781]
2026-01-05 23:15:02 [main] INFO  c.a.nacos.client.utils.ParamUtil - [settings] [req-serv] nacos-server port:8848
2026-01-05 23:15:02 [main] INFO  c.a.nacos.client.utils.ParamUtil - [settings] [http-client] connect timeout:1000
2026-01-05 23:15:02 [main] INFO  c.a.nacos.client.utils.ParamUtil - PER_TASK_CONFIG_SIZE: 3000.0
2026-01-05 23:15:02 [Thread-3] INFO  c.a.n.c.a.r.i.CredentialWatcher - null No credential found
2026-01-05 23:15:02 [main] INFO  com.alibaba.nacos.common.labels - DefaultLabelsCollectorManager get labels.....
2026-01-05 23:15:02 [main] INFO  com.alibaba.nacos.common.labels - Process LabelsCollector with [name:defaultNacosLabelsCollector]
2026-01-05 23:15:02 [main] INFO  com.alibaba.nacos.common.labels - default nacos collect properties raw labels: null
2026-01-05 23:15:02 [main] INFO  com.alibaba.nacos.common.labels - default nacos collect properties labels: {}
2026-01-05 23:15:02 [main] INFO  com.alibaba.nacos.common.labels - default nacos collect jvm raw labels: null
2026-01-05 23:15:02 [main] INFO  com.alibaba.nacos.common.labels - default nacos collect jvm labels: {}
2026-01-05 23:15:02 [main] INFO  com.alibaba.nacos.common.labels - default nacos collect env raw labels: null
2026-01-05 23:15:02 [main] INFO  com.alibaba.nacos.common.labels - default nacos collect env labels: {}
2026-01-05 23:15:02 [main] INFO  com.alibaba.nacos.common.labels - DefaultLabelsCollectorManager get labels finished,labels :{}
2026-01-05 23:15:02 [main] INFO  c.a.n.p.a.s.c.ClientAuthPluginManager - [ClientAuthPluginManager] Load ClientAuthService com.alibaba.nacos.client.auth.impl.NacosClientAuthServiceImpl success.
2026-01-05 23:15:02 [main] INFO  c.a.n.p.a.s.c.ClientAuthPluginManager - [ClientAuthPluginManager] Load ClientAuthService com.alibaba.nacos.client.auth.ram.RamClientAuthServiceImpl success.
2026-01-05 23:15:16 [main] WARN  o.s.b.w.s.c.AnnotationConfigServletWebServerApplicationContext - Exception encountered during context initialization - cancelling refresh attempt: org.springframework.beans.factory.BeanCreationException: Error creating bean with name 'faceRecognitionLogRepository' defined in com.homework.recognition.repository.FaceRecognitionLogRepository defined in @EnableJpaRepositories declared on JpaRepositoriesRegistrar.EnableJpaRepositoriesConfiguration: Not a managed type: class com.homework.recognition.domain.entity.FaceRecognitionLog
2026-01-05 23:15:16 [main] WARN  o.s.c.a.AnnotationConfigApplicationContext - Exception thrown from ApplicationListener handling ContextClosedEvent
org.springframework.beans.factory.BeanCreationNotAllowedException: Error creating bean with name 'taskScheduler': Singleton bean creation not allowed while singletons of this factory are in destruction (Do not request a bean from a BeanFactory in a destroy method implementation!)
	at org.springframework.beans.factory.support.DefaultSingletonBeanRegistry.getSingleton(DefaultSingletonBeanRegistry.java:220)
	at org.springframework.beans.factory.support.AbstractBeanFactory.doGetBean(AbstractBeanFactory.java:323)
	at org.springframework.beans.factory.support.AbstractBeanFactory.getBean(AbstractBeanFactory.java:204)
	at org.springframework.context.event.AbstractApplicationEventMulticaster.retrieveApplicationListeners(AbstractApplicationEventMulticaster.java:265)
	at org.springframework.context.event.AbstractApplicationEventMulticaster.getApplicationListeners(AbstractApplicationEventMulticaster.java:222)
	at org.springframework.context.event.SimpleApplicationEventMulticaster.multicastEvent(SimpleApplicationEventMulticaster.java:144)
	at org.springframework.context.support.AbstractApplicationContext.publishEvent(AbstractApplicationContext.java:451)
	at org.springframework.context.support.AbstractApplicationContext.publishEvent(AbstractApplicationContext.java:457)
	at org.springframework.context.support.AbstractApplicationContext.publishEvent(AbstractApplicationContext.java:384)
	at org.springframework.context.support.AbstractApplicationContext.doClose(AbstractApplicationContext.java:1128)
	at org.springframework.context.support.AbstractApplicationContext.close(AbstractApplicationContext.java:1091)
	at org.springframework.cloud.context.named.NamedContextFactory.destroy(NamedContextFactory.java:113)
	at org.springframework.beans.factory.support.DisposableBeanAdapter.destroy(DisposableBeanAdapter.java:211)
	at org.springframework.beans.factory.support.DefaultSingletonBeanRegistry.destroyBean(DefaultSingletonBeanRegistry.java:587)
	at org.springframework.beans.factory.support.DefaultSingletonBeanRegistry.destroySingleton(DefaultSingletonBeanRegistry.java:559)
	at org.springframework.beans.factory.support.DefaultListableBeanFactory.destroySingleton(DefaultListableBeanFactory.java:1202)
	at org.springframework.beans.factory.support.DefaultSingletonBeanRegistry.destroySingletons(DefaultSingletonBeanRegistry.java:520)
	at org.springframework.beans.factory.support.DefaultListableBeanFactory.destroySingletons(DefaultListableBeanFactory.java:1195)
	at org.springframework.context.support.AbstractApplicationContext.destroyBeans(AbstractApplicationContext.java:1184)
	at org.springframework.context.support.AbstractApplicationContext.refresh(AbstractApplicationContext.java:638)
	at org.springframework.boot.web.servlet.context.ServletWebServerApplicationContext.refresh(ServletWebServerApplicationContext.java:146)
	at org.springframework.boot.SpringApplication.refresh(SpringApplication.java:762)
	at org.springframework.boot.SpringApplication.refreshContext(SpringApplication.java:464)
	at org.springframework.boot.SpringApplication.run(SpringApplication.java:334)
	at org.springframework.boot.SpringApplication.run(SpringApplication.java:1358)
	at org.springframework.boot.SpringApplication.run(SpringApplication.java:1347)
	at com.homework.recognition.RecognitionApplication.main(RecognitionApplication.java:20)
2026-01-05 23:15:16 [main] WARN  o.s.c.a.AnnotationConfigApplicationContext - Exception thrown from ApplicationListener handling ContextClosedEvent
org.springframework.beans.factory.BeanCreationNotAllowedException: Error creating bean with name 'taskScheduler': Singleton bean creation not allowed while singletons of this factory are in destruction (Do not request a bean from a BeanFactory in a destroy method implementation!)
	at org.springframework.beans.factory.support.DefaultSingletonBeanRegistry.getSingleton(DefaultSingletonBeanRegistry.java:220)
	at org.springframework.beans.factory.support.AbstractBeanFactory.doGetBean(AbstractBeanFactory.java:323)
	at org.springframework.beans.factory.support.AbstractBeanFactory.getBean(AbstractBeanFactory.java:204)
	at org.springframework.context.event.AbstractApplicationEventMulticaster.retrieveApplicationListeners(AbstractApplicationEventMulticaster.java:265)
	at org.springframework.context.event.AbstractApplicationEventMulticaster.getApplicationListeners(AbstractApplicationEventMulticaster.java:222)
	at org.springframework.context.event.SimpleApplicationEventMulticaster.multicastEvent(SimpleApplicationEventMulticaster.java:144)
	at org.springframework.context.support.AbstractApplicationContext.publishEvent(AbstractApplicationContext.java:451)
	at org.springframework.context.support.AbstractApplicationContext.publishEvent(AbstractApplicationContext.java:457)
	at org.springframework.context.support.AbstractApplicationContext.publishEvent(AbstractApplicationContext.java:384)
	at org.springframework.context.support.AbstractApplicationContext.doClose(AbstractApplicationContext.java:1128)
	at org.springframework.context.support.AbstractApplicationContext.close(AbstractApplicationContext.java:1091)
	at org.springframework.cloud.context.named.NamedContextFactory.destroy(NamedContextFactory.java:113)
	at org.springframework.beans.factory.support.DisposableBeanAdapter.destroy(DisposableBeanAdapter.java:211)
	at org.springframework.beans.factory.support.DefaultSingletonBeanRegistry.destroyBean(DefaultSingletonBeanRegistry.java:587)
	at org.springframework.beans.factory.support.DefaultSingletonBeanRegistry.destroySingleton(DefaultSingletonBeanRegistry.java:559)
	at org.springframework.beans.factory.support.DefaultListableBeanFactory.destroySingleton(DefaultListableBeanFactory.java:1202)
	at org.springframework.beans.factory.support.DefaultSingletonBeanRegistry.destroySingletons(DefaultSingletonBeanRegistry.java:520)
	at org.springframework.beans.factory.support.DefaultListableBeanFactory.destroySingletons(DefaultListableBeanFactory.java:1195)
	at org.springframework.context.support.AbstractApplicationContext.destroyBeans(AbstractApplicationContext.java:1184)
	at org.springframework.context.support.AbstractApplicationContext.refresh(AbstractApplicationContext.java:638)
	at org.springframework.boot.web.servlet.context.ServletWebServerApplicationContext.refresh(ServletWebServerApplicationContext.java:146)
	at org.springframework.boot.SpringApplication.refresh(SpringApplication.java:762)
	at org.springframework.boot.SpringApplication.refreshContext(SpringApplication.java:464)
	at org.springframework.boot.SpringApplication.run(SpringApplication.java:334)
	at org.springframework.boot.SpringApplication.run(SpringApplication.java:1358)
	at org.springframework.boot.SpringApplication.run(SpringApplication.java:1347)
	at com.homework.recognition.RecognitionApplication.main(RecognitionApplication.java:20)
2026-01-05 23:15:16 [main] INFO  o.s.o.j.LocalContainerEntityManagerFactoryBean - Closing JPA EntityManagerFactory for persistence unit 'default'
2026-01-05 23:15:16 [main] INFO  com.zaxxer.hikari.HikariDataSource - HikariPool-1 - Shutdown initiated...
2026-01-05 23:15:16 [main] INFO  com.zaxxer.hikari.HikariDataSource - HikariPool-1 - Shutdown completed.
2026-01-05 23:15:16 [main] INFO  o.a.catalina.core.StandardService - Stopping service [Tomcat]
2026-01-05 23:15:16 [main] INFO  o.s.b.a.l.ConditionEvaluationReportLogger - 

Error starting ApplicationContext. To display the condition evaluation report re-run your application with 'debug' enabled.
2026-01-05 23:15:16 [main] ERROR o.s.boot.SpringApplication - Application run failed
org.springframework.beans.factory.BeanCreationException: Error creating bean with name 'faceRecognitionLogRepository' defined in com.homework.recognition.repository.FaceRecognitionLogRepository defined in @EnableJpaRepositories declared on JpaRepositoriesRegistrar.EnableJpaRepositoriesConfiguration: Not a managed type: class com.homework.recognition.domain.entity.FaceRecognitionLog
	at org.springframework.beans.factory.support.AbstractAutowireCapableBeanFactory.initializeBean(AbstractAutowireCapableBeanFactory.java:1773)
	at org.springframework.beans.factory.support.AbstractAutowireCapableBeanFactory.doCreateBean(AbstractAutowireCapableBeanFactory.java:599)
	at org.springframework.beans.factory.support.AbstractAutowireCapableBeanFactory.createBean(AbstractAutowireCapableBeanFactory.java:521)
	at org.springframework.beans.factory.support.AbstractBeanFactory.lambda$doGetBean$0(AbstractBeanFactory.java:325)
	at org.springframework.beans.factory.support.DefaultSingletonBeanRegistry.getSingleton(DefaultSingletonBeanRegistry.java:234)
	at org.springframework.beans.factory.support.AbstractBeanFactory.doGetBean(AbstractBeanFactory.java:323)
	at org.springframework.beans.factory.support.AbstractBeanFactory.getBean(AbstractBeanFactory.java:199)
	at org.springframework.beans.factory.support.DefaultListableBeanFactory.preInstantiateSingletons(DefaultListableBeanFactory.java:969)
	at org.springframework.context.support.AbstractApplicationContext.finishBeanFactoryInitialization(AbstractApplicationContext.java:960)
	at org.springframework.context.support.AbstractApplicationContext.refresh(AbstractApplicationContext.java:625)
	at org.springframework.boot.web.servlet.context.ServletWebServerApplicationContext.refresh(ServletWebServerApplicationContext.java:146)
	at org.springframework.boot.SpringApplication.refresh(SpringApplication.java:762)
	at org.springframework.boot.SpringApplication.refreshContext(SpringApplication.java:464)
	at org.springframework.boot.SpringApplication.run(SpringApplication.java:334)
	at org.springframework.boot.SpringApplication.run(SpringApplication.java:1358)
	at org.springframework.boot.SpringApplication.run(SpringApplication.java:1347)
	at com.homework.recognition.RecognitionApplication.main(RecognitionApplication.java:20)
Caused by: java.lang.IllegalArgumentException: Not a managed type: class com.homework.recognition.domain.entity.FaceRecognitionLog
	at org.hibernate.metamodel.model.domain.internal.JpaMetamodelImpl.managedType(JpaMetamodelImpl.java:193)
	at org.hibernate.metamodel.model.domain.internal.MappingMetamodelImpl.managedType(MappingMetamodelImpl.java:468)
	at org.hibernate.metamodel.model.domain.internal.MappingMetamodelImpl.managedType(MappingMetamodelImpl.java:98)
	at org.springframework.data.jpa.repository.support.JpaMetamodelEntityInformation.<init>(JpaMetamodelEntityInformation.java:82)
	at org.springframework.data.jpa.repository.support.JpaEntityInformationSupport.getEntityInformation(JpaEntityInformationSupport.java:69)
	at org.springframework.data.jpa.repository.support.JpaRepositoryFactory.getEntityInformation(JpaRepositoryFactory.java:246)
	at org.springframework.data.jpa.repository.support.JpaRepositoryFactory.getTargetRepository(JpaRepositoryFactory.java:211)
	at org.springframework.data.jpa.repository.support.JpaRepositoryFactory.getTargetRepository(JpaRepositoryFactory.java:194)
	at org.springframework.data.jpa.repository.support.JpaRepositoryFactory.getTargetRepository(JpaRepositoryFactory.java:81)
	at org.springframework.data.repository.core.support.RepositoryFactorySupport.getRepository(RepositoryFactorySupport.java:317)
	at org.springframework.data.repository.core.support.RepositoryFactoryBeanSupport.lambda$afterPropertiesSet$5(RepositoryFactoryBeanSupport.java:279)
	at org.springframework.data.util.Lazy.getNullable(Lazy.java:135)
	at org.springframework.data.util.Lazy.get(Lazy.java:113)
	at org.springframework.data.repository.core.support.RepositoryFactoryBeanSupport.afterPropertiesSet(RepositoryFactoryBeanSupport.java:285)
	at org.springframework.data.jpa.repository.support.JpaRepositoryFactoryBean.afterPropertiesSet(JpaRepositoryFactoryBean.java:132)
	at org.springframework.beans.factory.support.AbstractAutowireCapableBeanFactory.invokeInitMethods(AbstractAutowireCapableBeanFactory.java:1820)
	at org.springframework.beans.factory.support.AbstractAutowireCapableBeanFactory.initializeBean(AbstractAutowireCapableBeanFactory.java:1769)
	... 16 common frames omitted
2026-01-05 23:15:16 [Thread-4] WARN  c.a.n.c.http.HttpClientBeanHolder - [HttpClientBeanHolder] Start destroying common HttpClient
2026-01-05 23:16:09 [main] INFO  c.h.r.RecognitionApplication - Starting RecognitionApplication using Java 17.0.1 with PID 41152 (D:\bianchenglianxi\java\project\face_recognition\recognition\target\classes started by 24148 in D:\bianchenglianxi\java\project\face_recognition\recognition)
2026-01-05 23:16:09 [main] INFO  c.h.r.RecognitionApplication - No active profile set, falling back to 1 default profile: "default"
2026-01-05 23:16:10 [main] INFO  o.s.d.r.c.RepositoryConfigurationDelegate - Multiple Spring Data modules found, entering strict repository configuration mode
2026-01-05 23:16:10 [main] INFO  o.s.d.r.c.RepositoryConfigurationDelegate - Bootstrapping Spring Data JDBC repositories in DEFAULT mode.
2026-01-05 23:16:10 [main] INFO  o.s.d.r.c.RepositoryConfigurationExtensionSupport - Spring Data JDBC - Could not safely identify store assignment for repository candidate interface com.homework.recognition.repository.AttendanceRecordRepository; If you want this repository to be a JDBC repository, consider annotating your entities with one of these annotations: org.springframework.data.relational.core.mapping.Table.
2026-01-05 23:16:10 [main] INFO  o.s.d.r.c.RepositoryConfigurationExtensionSupport - Spring Data JDBC - Could not safely identify store assignment for repository candidate interface com.homework.recognition.repository.FaceRecognitionLogRepository; If you want this repository to be a JDBC repository, consider annotating your entities with one of these annotations: org.springframework.data.relational.core.mapping.Table.
2026-01-05 23:16:10 [main] INFO  o.s.d.r.c.RepositoryConfigurationDelegate - Finished Spring Data repository scanning in 41 ms. Found 0 JDBC repository interfaces.
2026-01-05 23:16:10 [main] INFO  o.s.d.r.c.RepositoryConfigurationDelegate - Multiple Spring Data modules found, entering strict repository configuration mode
2026-01-05 23:16:10 [main] INFO  o.s.d.r.c.RepositoryConfigurationDelegate - Bootstrapping Spring Data JPA repositories in DEFAULT mode.
2026-01-05 23:16:11 [main] INFO  o.s.d.r.c.RepositoryConfigurationDelegate - Finished Spring Data repository scanning in 136 ms. Found 2 JPA repository interfaces.
2026-01-05 23:16:11 [main] WARN  o.s.c.s.PostProcessorRegistrationDelegate$BeanPostProcessorChecker - Bean 'org.springframework.cloud.client.loadbalancer.LoadBalancerAutoConfiguration$LoadBalancerInterceptorConfig' of type [org.springframework.cloud.client.loadbalancer.LoadBalancerAutoConfiguration$LoadBalancerInterceptorConfig] is not eligible for getting processed by all BeanPostProcessors (for example: not eligible for auto-proxying). The currently created BeanPostProcessor [lbRestClientPostProcessor] is declared through a non-static factory method on that class; consider declaring it as static instead.
2026-01-05 23:16:11 [main] WARN  o.s.c.s.PostProcessorRegistrationDelegate$BeanPostProcessorChecker - Bean 'org.springframework.cloud.loadbalancer.config.BlockingLoadBalancerClientAutoConfiguration' of type [org.springframework.cloud.loadbalancer.config.BlockingLoadBalancerClientAutoConfiguration] is not eligible for getting processed by all BeanPostProcessors (for example: not eligible for auto-proxying). Is this bean getting eagerly injected into a currently created BeanPostProcessor [lbRestClientPostProcessor]? Check the corresponding BeanPostProcessor declaration and its dependencies.
2026-01-05 23:16:11 [main] WARN  o.s.c.s.PostProcessorRegistrationDelegate$BeanPostProcessorChecker - Bean 'org.springframework.cloud.loadbalancer.config.LoadBalancerAutoConfiguration' of type [org.springframework.cloud.loadbalancer.config.LoadBalancerAutoConfiguration] is not eligible for getting processed by all BeanPostProcessors (for example: not eligible for auto-proxying). Is this bean getting eagerly injected into a currently created BeanPostProcessor [lbRestClientPostProcessor]? Check the corresponding BeanPostProcessor declaration and its dependencies.
2026-01-05 23:16:11 [main] WARN  o.s.c.s.PostProcessorRegistrationDelegate$BeanPostProcessorChecker - Bean 'org.springframework.cloud.commons.config.CommonsConfigAutoConfiguration' of type [org.springframework.cloud.commons.config.CommonsConfigAutoConfiguration] is not eligible for getting processed by all BeanPostProcessors (for example: not eligible for auto-proxying). Is this bean getting eagerly injected into a currently created BeanPostProcessor [lbRestClientPostProcessor]? Check the corresponding BeanPostProcessor declaration and its dependencies.
2026-01-05 23:16:11 [main] WARN  o.s.c.s.PostProcessorRegistrationDelegate$BeanPostProcessorChecker - Bean 'org.springframework.cloud.client.loadbalancer.LoadBalancerDefaultMappingsProviderAutoConfiguration' of type [org.springframework.cloud.client.loadbalancer.LoadBalancerDefaultMappingsProviderAutoConfiguration] is not eligible for getting processed by all BeanPostProcessors (for example: not eligible for auto-proxying). Is this bean getting eagerly injected into a currently created BeanPostProcessor [lbRestClientPostProcessor]? Check the corresponding BeanPostProcessor declaration and its dependencies.
2026-01-05 23:16:11 [main] WARN  o.s.c.s.PostProcessorRegistrationDelegate$BeanPostProcessorChecker - Bean 'loadBalancerClientsDefaultsMappingsProvider' of type [org.springframework.cloud.client.loadbalancer.LoadBalancerDefaultMappingsProviderAutoConfiguration$$Lambda$733/0x0000000801084e60] is not eligible for getting processed by all BeanPostProcessors (for example: not eligible for auto-proxying). Is this bean getting eagerly injected into a currently created BeanPostProcessor [lbRestClientPostProcessor]? Check the corresponding BeanPostProcessor declaration and its dependencies.
2026-01-05 23:16:11 [main] WARN  o.s.c.s.PostProcessorRegistrationDelegate$BeanPostProcessorChecker - Bean 'defaultsBindHandlerAdvisor' of type [org.springframework.cloud.commons.config.DefaultsBindHandlerAdvisor] is not eligible for getting processed by all BeanPostProcessors (for example: not eligible for auto-proxying). Is this bean getting eagerly injected into a currently created BeanPostProcessor [lbRestClientPostProcessor]? Check the corresponding BeanPostProcessor declaration and its dependencies.
2026-01-05 23:16:11 [main] WARN  o.s.c.s.PostProcessorRegistrationDelegate$BeanPostProcessorChecker - Bean 'spring.cloud.loadbalancer-org.springframework.cloud.client.loadbalancer.LoadBalancerClientsProperties' of type [org.springframework.cloud.client.loadbalancer.LoadBalancerClientsProperties] is not eligible for getting processed by all BeanPostProcessors (for example: not eligible for auto-proxying). Is this bean getting eagerly injected into a currently created BeanPostProcessor [lbRestClientPostProcessor]? Check the corresponding BeanPostProcessor declaration and its dependencies.
2026-01-05 23:16:11 [main] WARN  o.s.c.s.PostProcessorRegistrationDelegate$BeanPostProcessorChecker - Bean 'default.org.springframework.cloud.loadbalancer.config.LoadBalancerAutoConfiguration.LoadBalancerClientSpecification' of type [org.springframework.cloud.loadbalancer.annotation.LoadBalancerClientSpecification] is not eligible for getting processed by all BeanPostProcessors (for example: not eligible for auto-proxying). Is this bean getting eagerly injected into a currently created BeanPostProcessor [lbRestClientPostProcessor]? Check the corresponding BeanPostProcessor declaration and its dependencies.
2026-01-05 23:16:11 [main] WARN  o.s.c.s.PostProcessorRegistrationDelegate$BeanPostProcessorChecker - Bean 'default.org.springframework.cloud.loadbalancer.config.BlockingLoadBalancerClientAutoConfiguration.LoadBalancerClientSpecification' of type [org.springframework.cloud.loadbalancer.annotation.LoadBalancerClientSpecification] is not eligible for getting processed by all BeanPostProcessors (for example: not eligible for auto-proxying). Is this bean getting eagerly injected into a currently created BeanPostProcessor [lbRestClientPostProcessor]? Check the corresponding BeanPostProcessor declaration and its dependencies.
2026-01-05 23:16:11 [main] WARN  o.s.c.s.PostProcessorRegistrationDelegate$BeanPostProcessorChecker - Bean 'loadBalancerClientFactory' of type [org.springframework.cloud.loadbalancer.support.LoadBalancerClientFactory] is not eligible for getting processed by all BeanPostProcessors (for example: not eligible for auto-proxying). Is this bean getting eagerly injected into a currently created BeanPostProcessor [lbRestClientPostProcessor]? Check the corresponding BeanPostProcessor declaration and its dependencies.
2026-01-05 23:16:11 [main] WARN  o.s.c.s.PostProcessorRegistrationDelegate$BeanPostProcessorChecker - Bean 'blockingLoadBalancerClient' of type [org.springframework.cloud.loadbalancer.blocking.client.BlockingLoadBalancerClient] is not eligible for getting processed by all BeanPostProcessors (for example: not eligible for auto-proxying). Is this bean getting eagerly injected into a currently created BeanPostProcessor [lbRestClientPostProcessor]? Check the corresponding BeanPostProcessor declaration and its dependencies.
2026-01-05 23:16:11 [main] WARN  o.s.c.s.PostProcessorRegistrationDelegate$BeanPostProcessorChecker - Bean 'loadBalancerServiceInstanceCookieTransformer' of type [org.springframework.cloud.loadbalancer.core.LoadBalancerServiceInstanceCookieTransformer] is not eligible for getting processed by all BeanPostProcessors (for example: not eligible for auto-proxying). Is this bean getting eagerly injected into a currently created BeanPostProcessor [lbRestClientPostProcessor]? Check the corresponding BeanPostProcessor declaration and its dependencies.
2026-01-05 23:16:11 [main] WARN  o.s.c.s.PostProcessorRegistrationDelegate$BeanPostProcessorChecker - Bean 'xForwarderHeadersTransformer' of type [org.springframework.cloud.loadbalancer.blocking.XForwardedHeadersTransformer] is not eligible for getting processed by all BeanPostProcessors (for example: not eligible for auto-proxying). Is this bean getting eagerly injected into a currently created BeanPostProcessor [lbRestClientPostProcessor]? Check the corresponding BeanPostProcessor declaration and its dependencies.
2026-01-05 23:16:11 [main] WARN  o.s.c.s.PostProcessorRegistrationDelegate$BeanPostProcessorChecker - Bean 'org.springframework.cloud.client.loadbalancer.LoadBalancerAutoConfiguration' of type [org.springframework.cloud.client.loadbalancer.LoadBalancerAutoConfiguration] is not eligible for getting processed by all BeanPostProcessors (for example: not eligible for auto-proxying). Is this bean getting eagerly injected into a currently created BeanPostProcessor [lbRestClientPostProcessor]? Check the corresponding BeanPostProcessor declaration and its dependencies.
2026-01-05 23:16:11 [main] WARN  o.s.c.s.PostProcessorRegistrationDelegate$BeanPostProcessorChecker - Bean 'loadBalancerRequestFactory' of type [org.springframework.cloud.client.loadbalancer.LoadBalancerRequestFactory] is not eligible for getting processed by all BeanPostProcessors (for example: not eligible for auto-proxying). Is this bean getting eagerly injected into a currently created BeanPostProcessor [lbRestClientPostProcessor]? Check the corresponding BeanPostProcessor declaration and its dependencies.
2026-01-05 23:16:11 [main] WARN  o.s.c.s.PostProcessorRegistrationDelegate$BeanPostProcessorChecker - Bean 'loadBalancerInterceptor' of type [org.springframework.cloud.client.loadbalancer.LoadBalancerInterceptor] is not eligible for getting processed by all BeanPostProcessors (for example: not eligible for auto-proxying). Is this bean getting eagerly injected into a currently created BeanPostProcessor [lbRestClientPostProcessor]? Check the corresponding BeanPostProcessor declaration and its dependencies.
2026-01-05 23:16:12 [main] INFO  o.s.b.w.e.tomcat.TomcatWebServer - Tomcat initialized with port 0 (http)
2026-01-05 23:16:12 [main] INFO  o.a.coyote.http11.Http11NioProtocol - Initializing ProtocolHandler ["http-nio-auto-1"]
2026-01-05 23:16:12 [main] INFO  o.a.catalina.core.StandardService - Starting service [Tomcat]
2026-01-05 23:16:12 [main] INFO  o.a.catalina.core.StandardEngine - Starting Servlet engine: [Apache Tomcat/10.1.17]
2026-01-05 23:16:12 [main] INFO  o.a.c.c.C.[Tomcat].[localhost].[/] - Initializing Spring embedded WebApplicationContext
2026-01-05 23:16:12 [main] INFO  o.s.b.w.s.c.ServletWebServerApplicationContext - Root WebApplicationContext: initialization completed in 2568 ms
2026-01-05 23:16:12 [main] INFO  com.zaxxer.hikari.HikariDataSource - HikariPool-1 - Starting...
2026-01-05 23:16:12 [main] INFO  com.zaxxer.hikari.pool.HikariPool - HikariPool-1 - Added connection com.mysql.cj.jdbc.ConnectionImpl@1c8f71a7
2026-01-05 23:16:12 [main] INFO  com.zaxxer.hikari.HikariDataSource - HikariPool-1 - Start completed.
2026-01-05 23:16:12 [main] INFO  o.h.jpa.internal.util.LogHelper - HHH000204: Processing PersistenceUnitInfo [name: default]
2026-01-05 23:16:12 [main] INFO  org.hibernate.Version - HHH000412: Hibernate ORM core version 6.4.1.Final
2026-01-05 23:16:13 [main] INFO  o.h.c.i.RegionFactoryInitiator - HHH000026: Second-level cache disabled
2026-01-05 23:16:13 [main] INFO  o.s.o.j.p.SpringPersistenceUnitInfo - No LoadTimeWeaver setup: ignoring JPA class transformer
2026-01-05 23:16:13 [main] INFO  o.h.e.t.j.p.i.JtaPlatformInitiator - HHH000489: No JTA platform available (set 'hibernate.transaction.jta.platform' to enable JTA platform integration)
2026-01-05 23:16:13 [main] INFO  o.s.o.j.LocalContainerEntityManagerFactoryBean - Initialized JPA EntityManagerFactory for persistence unit 'default'
2026-01-05 23:16:13 [main] WARN  o.s.b.a.o.j.JpaBaseConfiguration$JpaWebConfiguration - spring.jpa.open-in-view is enabled by default. Therefore, database queries may be performed during view rendering. Explicitly configure spring.jpa.open-in-view to disable this warning
2026-01-05 23:16:13 [main] INFO  o.s.c.o.FeignClientFactoryBean - For 'python-port' URL not provided. Will try picking an instance via load-balancing.
2026-01-05 23:16:14 [main] INFO  o.s.c.o.FeignClientFactoryBean - For 'voice-synthesis' URL not provided. Will try picking an instance via load-balancing.
2026-01-05 23:16:14 [main] WARN  o.s.b.a.s.s.UserDetailsServiceAutoConfiguration - 

Using generated security password: 525d9a92-3701-4b56-af44-e0d16bb6a45f

This generated password is for development use only. Your security configuration must be updated before running your application in production.

2026-01-05 23:16:14 [main] INFO  o.s.s.web.DefaultSecurityFilterChain - Will secure any request with [org.springframework.security.web.session.DisableEncodeUrlFilter@3c577368, org.springframework.security.web.context.request.async.WebAsyncManagerIntegrationFilter@57c7ec30, org.springframework.security.web.context.SecurityContextHolderFilter@2ebd6a0d, org.springframework.security.web.header.HeaderWriterFilter@71f042b1, org.springframework.web.filter.CorsFilter@729de0e1, org.springframework.security.web.authentication.logout.LogoutFilter@27caa186, org.springframework.security.web.savedrequest.RequestCacheAwareFilter@72ad577b, org.springframework.security.web.servletapi.SecurityContextHolderAwareRequestFilter@99948fe, org.springframework.security.web.authentication.AnonymousAuthenticationFilter@2c8c42c, org.springframework.security.web.session.SessionManagementFilter@218fc40d, org.springframework.security.web.access.ExceptionTranslationFilter@4088c5e6, org.springframework.security.web.access.intercept.AuthorizationFilter@e356940]
2026-01-05 23:16:14 [main] INFO  c.a.nacos.client.utils.ParamUtil - [settings] [req-serv] nacos-server port:8848
2026-01-05 23:16:14 [main] INFO  c.a.nacos.client.utils.ParamUtil - [settings] [http-client] connect timeout:1000
2026-01-05 23:16:14 [main] INFO  c.a.nacos.client.utils.ParamUtil - PER_TASK_CONFIG_SIZE: 3000.0
2026-01-05 23:16:14 [Thread-3] INFO  c.a.n.c.a.r.i.CredentialWatcher - null No credential found
2026-01-05 23:16:14 [main] INFO  com.alibaba.nacos.common.labels - DefaultLabelsCollectorManager get labels.....
2026-01-05 23:16:14 [main] INFO  com.alibaba.nacos.common.labels - Process LabelsCollector with [name:defaultNacosLabelsCollector]
2026-01-05 23:16:14 [main] INFO  com.alibaba.nacos.common.labels - default nacos collect properties raw labels: null
2026-01-05 23:16:14 [main] INFO  com.alibaba.nacos.common.labels - default nacos collect properties labels: {}
2026-01-05 23:16:14 [main] INFO  com.alibaba.nacos.common.labels - default nacos collect jvm raw labels: null
2026-01-05 23:16:14 [main] INFO  com.alibaba.nacos.common.labels - default nacos collect jvm labels: {}
2026-01-05 23:16:14 [main] INFO  com.alibaba.nacos.common.labels - default nacos collect env raw labels: null
2026-01-05 23:16:14 [main] INFO  com.alibaba.nacos.common.labels - default nacos collect env labels: {}
2026-01-05 23:16:14 [main] INFO  com.alibaba.nacos.common.labels - DefaultLabelsCollectorManager get labels finished,labels :{}
2026-01-05 23:16:14 [main] INFO  c.a.n.p.a.s.c.ClientAuthPluginManager - [ClientAuthPluginManager] Load ClientAuthService com.alibaba.nacos.client.auth.impl.NacosClientAuthServiceImpl success.
2026-01-05 23:16:14 [main] INFO  c.a.n.p.a.s.c.ClientAuthPluginManager - [ClientAuthPluginManager] Load ClientAuthService com.alibaba.nacos.client.auth.ram.RamClientAuthServiceImpl success.
2026-01-05 23:16:21 [main] WARN  o.s.b.w.s.c.AnnotationConfigServletWebServerApplicationContext - Exception encountered during context initialization - cancelling refresh attempt: org.springframework.beans.factory.BeanCreationException: Error creating bean with name 'faceRecognitionLogRepository' defined in com.homework.recognition.repository.FaceRecognitionLogRepository defined in @EnableJpaRepositories declared on JpaRepositoriesRegistrar.EnableJpaRepositoriesConfiguration: Not a managed type: class com.homework.recognition.domain.entity.FaceRecognitionLog
2026-01-05 23:16:21 [main] WARN  o.s.c.a.AnnotationConfigApplicationContext - Exception thrown from ApplicationListener handling ContextClosedEvent
org.springframework.beans.factory.BeanCreationNotAllowedException: Error creating bean with name 'taskScheduler': Singleton bean creation not allowed while singletons of this factory are in destruction (Do not request a bean from a BeanFactory in a destroy method implementation!)
	at org.springframework.beans.factory.support.DefaultSingletonBeanRegistry.getSingleton(DefaultSingletonBeanRegistry.java:220)
	at org.springframework.beans.factory.support.AbstractBeanFactory.doGetBean(AbstractBeanFactory.java:323)
	at org.springframework.beans.factory.support.AbstractBeanFactory.getBean(AbstractBeanFactory.java:204)
	at org.springframework.context.event.AbstractApplicationEventMulticaster.retrieveApplicationListeners(AbstractApplicationEventMulticaster.java:265)
	at org.springframework.context.event.AbstractApplicationEventMulticaster.getApplicationListeners(AbstractApplicationEventMulticaster.java:222)
	at org.springframework.context.event.SimpleApplicationEventMulticaster.multicastEvent(SimpleApplicationEventMulticaster.java:144)
	at org.springframework.context.support.AbstractApplicationContext.publishEvent(AbstractApplicationContext.java:451)
	at org.springframework.context.support.AbstractApplicationContext.publishEvent(AbstractApplicationContext.java:457)
	at org.springframework.context.support.AbstractApplicationContext.publishEvent(AbstractApplicationContext.java:384)
	at org.springframework.context.support.AbstractApplicationContext.doClose(AbstractApplicationContext.java:1128)
	at org.springframework.context.support.AbstractApplicationContext.close(AbstractApplicationContext.java:1091)
	at org.springframework.cloud.context.named.NamedContextFactory.destroy(NamedContextFactory.java:113)
	at org.springframework.beans.factory.support.DisposableBeanAdapter.destroy(DisposableBeanAdapter.java:211)
	at org.springframework.beans.factory.support.DefaultSingletonBeanRegistry.destroyBean(DefaultSingletonBeanRegistry.java:587)
	at org.springframework.beans.factory.support.DefaultSingletonBeanRegistry.destroySingleton(DefaultSingletonBeanRegistry.java:559)
	at org.springframework.beans.factory.support.DefaultListableBeanFactory.destroySingleton(DefaultListableBeanFactory.java:1202)
	at org.springframework.beans.factory.support.DefaultSingletonBeanRegistry.destroySingletons(DefaultSingletonBeanRegistry.java:520)
	at org.springframework.beans.factory.support.DefaultListableBeanFactory.destroySingletons(DefaultListableBeanFactory.java:1195)
	at org.springframework.context.support.AbstractApplicationContext.destroyBeans(AbstractApplicationContext.java:1184)
	at org.springframework.context.support.AbstractApplicationContext.refresh(AbstractApplicationContext.java:638)
	at org.springframework.boot.web.servlet.context.ServletWebServerApplicationContext.refresh(ServletWebServerApplicationContext.java:146)
	at org.springframework.boot.SpringApplication.refresh(SpringApplication.java:762)
	at org.springframework.boot.SpringApplication.refreshContext(SpringApplication.java:464)
	at org.springframework.boot.SpringApplication.run(SpringApplication.java:334)
	at org.springframework.boot.SpringApplication.run(SpringApplication.java:1358)
	at org.springframework.boot.SpringApplication.run(SpringApplication.java:1347)
	at com.homework.recognition.RecognitionApplication.main(RecognitionApplication.java:20)
2026-01-05 23:16:21 [main] WARN  o.s.c.a.AnnotationConfigApplicationContext - Exception thrown from ApplicationListener handling ContextClosedEvent
org.springframework.beans.factory.BeanCreationNotAllowedException: Error creating bean with name 'taskScheduler': Singleton bean creation not allowed while singletons of this factory are in destruction (Do not request a bean from a BeanFactory in a destroy method implementation!)
	at org.springframework.beans.factory.support.DefaultSingletonBeanRegistry.getSingleton(DefaultSingletonBeanRegistry.java:220)
	at org.springframework.beans.factory.support.AbstractBeanFactory.doGetBean(AbstractBeanFactory.java:323)
	at org.springframework.beans.factory.support.AbstractBeanFactory.getBean(AbstractBeanFactory.java:204)
	at org.springframework.context.event.AbstractApplicationEventMulticaster.retrieveApplicationListeners(AbstractApplicationEventMulticaster.java:265)
	at org.springframework.context.event.AbstractApplicationEventMulticaster.getApplicationListeners(AbstractApplicationEventMulticaster.java:222)
	at org.springframework.context.event.SimpleApplicationEventMulticaster.multicastEvent(SimpleApplicationEventMulticaster.java:144)
	at org.springframework.context.support.AbstractApplicationContext.publishEvent(AbstractApplicationContext.java:451)
	at org.springframework.context.support.AbstractApplicationContext.publishEvent(AbstractApplicationContext.java:457)
	at org.springframework.context.support.AbstractApplicationContext.publishEvent(AbstractApplicationContext.java:384)
	at org.springframework.context.support.AbstractApplicationContext.doClose(AbstractApplicationContext.java:1128)
	at org.springframework.context.support.AbstractApplicationContext.close(AbstractApplicationContext.java:1091)
	at org.springframework.cloud.context.named.NamedContextFactory.destroy(NamedContextFactory.java:113)
	at org.springframework.beans.factory.support.DisposableBeanAdapter.destroy(DisposableBeanAdapter.java:211)
	at org.springframework.beans.factory.support.DefaultSingletonBeanRegistry.destroyBean(DefaultSingletonBeanRegistry.java:587)
	at org.springframework.beans.factory.support.DefaultSingletonBeanRegistry.destroySingleton(DefaultSingletonBeanRegistry.java:559)
	at org.springframework.beans.factory.support.DefaultListableBeanFactory.destroySingleton(DefaultListableBeanFactory.java:1202)
	at org.springframework.beans.factory.support.DefaultSingletonBeanRegistry.destroySingletons(DefaultSingletonBeanRegistry.java:520)
	at org.springframework.beans.factory.support.DefaultListableBeanFactory.destroySingletons(DefaultListableBeanFactory.java:1195)
	at org.springframework.context.support.AbstractApplicationContext.destroyBeans(AbstractApplicationContext.java:1184)
	at org.springframework.context.support.AbstractApplicationContext.refresh(AbstractApplicationContext.java:638)
	at org.springframework.boot.web.servlet.context.ServletWebServerApplicationContext.refresh(ServletWebServerApplicationContext.java:146)
	at org.springframework.boot.SpringApplication.refresh(SpringApplication.java:762)
	at org.springframework.boot.SpringApplication.refreshContext(SpringApplication.java:464)
	at org.springframework.boot.SpringApplication.run(SpringApplication.java:334)
	at org.springframework.boot.SpringApplication.run(SpringApplication.java:1358)
	at org.springframework.boot.SpringApplication.run(SpringApplication.java:1347)
	at com.homework.recognition.RecognitionApplication.main(RecognitionApplication.java:20)
2026-01-05 23:16:21 [main] INFO  o.s.o.j.LocalContainerEntityManagerFactoryBean - Closing JPA EntityManagerFactory for persistence unit 'default'
2026-01-05 23:16:21 [main] INFO  com.zaxxer.hikari.HikariDataSource - HikariPool-1 - Shutdown initiated...
2026-01-05 23:16:21 [main] INFO  com.zaxxer.hikari.HikariDataSource - HikariPool-1 - Shutdown completed.
2026-01-05 23:16:21 [main] INFO  o.a.catalina.core.StandardService - Stopping service [Tomcat]
2026-01-05 23:16:21 [main] INFO  o.s.b.a.l.ConditionEvaluationReportLogger - 

Error starting ApplicationContext. To display the condition evaluation report re-run your application with 'debug' enabled.
2026-01-05 23:16:21 [main] ERROR o.s.boot.SpringApplication - Application run failed
org.springframework.beans.factory.BeanCreationException: Error creating bean with name 'faceRecognitionLogRepository' defined in com.homework.recognition.repository.FaceRecognitionLogRepository defined in @EnableJpaRepositories declared on JpaRepositoriesRegistrar.EnableJpaRepositoriesConfiguration: Not a managed type: class com.homework.recognition.domain.entity.FaceRecognitionLog
	at org.springframework.beans.factory.support.AbstractAutowireCapableBeanFactory.initializeBean(AbstractAutowireCapableBeanFactory.java:1773)
	at org.springframework.beans.factory.support.AbstractAutowireCapableBeanFactory.doCreateBean(AbstractAutowireCapableBeanFactory.java:599)
	at org.springframework.beans.factory.support.AbstractAutowireCapableBeanFactory.createBean(AbstractAutowireCapableBeanFactory.java:521)
	at org.springframework.beans.factory.support.AbstractBeanFactory.lambda$doGetBean$0(AbstractBeanFactory.java:325)
	at org.springframework.beans.factory.support.DefaultSingletonBeanRegistry.getSingleton(DefaultSingletonBeanRegistry.java:234)
	at org.springframework.beans.factory.support.AbstractBeanFactory.doGetBean(AbstractBeanFactory.java:323)
	at org.springframework.beans.factory.support.AbstractBeanFactory.getBean(AbstractBeanFactory.java:199)
	at org.springframework.beans.factory.support.DefaultListableBeanFactory.preInstantiateSingletons(DefaultListableBeanFactory.java:969)
	at org.springframework.context.support.AbstractApplicationContext.finishBeanFactoryInitialization(AbstractApplicationContext.java:960)
	at org.springframework.context.support.AbstractApplicationContext.refresh(AbstractApplicationContext.java:625)
	at org.springframework.boot.web.servlet.context.ServletWebServerApplicationContext.refresh(ServletWebServerApplicationContext.java:146)
	at org.springframework.boot.SpringApplication.refresh(SpringApplication.java:762)
	at org.springframework.boot.SpringApplication.refreshContext(SpringApplication.java:464)
	at org.springframework.boot.SpringApplication.run(SpringApplication.java:334)
	at org.springframework.boot.SpringApplication.run(SpringApplication.java:1358)
	at org.springframework.boot.SpringApplication.run(SpringApplication.java:1347)
	at com.homework.recognition.RecognitionApplication.main(RecognitionApplication.java:20)
Caused by: java.lang.IllegalArgumentException: Not a managed type: class com.homework.recognition.domain.entity.FaceRecognitionLog
	at org.hibernate.metamodel.model.domain.internal.JpaMetamodelImpl.managedType(JpaMetamodelImpl.java:193)
	at org.hibernate.metamodel.model.domain.internal.MappingMetamodelImpl.managedType(MappingMetamodelImpl.java:468)
	at org.hibernate.metamodel.model.domain.internal.MappingMetamodelImpl.managedType(MappingMetamodelImpl.java:98)
	at org.springframework.data.jpa.repository.support.JpaMetamodelEntityInformation.<init>(JpaMetamodelEntityInformation.java:82)
	at org.springframework.data.jpa.repository.support.JpaEntityInformationSupport.getEntityInformation(JpaEntityInformationSupport.java:69)
	at org.springframework.data.jpa.repository.support.JpaRepositoryFactory.getEntityInformation(JpaRepositoryFactory.java:246)
	at org.springframework.data.jpa.repository.support.JpaRepositoryFactory.getTargetRepository(JpaRepositoryFactory.java:211)
	at org.springframework.data.jpa.repository.support.JpaRepositoryFactory.getTargetRepository(JpaRepositoryFactory.java:194)
	at org.springframework.data.jpa.repository.support.JpaRepositoryFactory.getTargetRepository(JpaRepositoryFactory.java:81)
	at org.springframework.data.repository.core.support.RepositoryFactorySupport.getRepository(RepositoryFactorySupport.java:317)
	at org.springframework.data.repository.core.support.RepositoryFactoryBeanSupport.lambda$afterPropertiesSet$5(RepositoryFactoryBeanSupport.java:279)
	at org.springframework.data.util.Lazy.getNullable(Lazy.java:135)
	at org.springframework.data.util.Lazy.get(Lazy.java:113)
	at org.springframework.data.repository.core.support.RepositoryFactoryBeanSupport.afterPropertiesSet(RepositoryFactoryBeanSupport.java:285)
	at org.springframework.data.jpa.repository.support.JpaRepositoryFactoryBean.afterPropertiesSet(JpaRepositoryFactoryBean.java:132)
	at org.springframework.beans.factory.support.AbstractAutowireCapableBeanFactory.invokeInitMethods(AbstractAutowireCapableBeanFactory.java:1820)
	at org.springframework.beans.factory.support.AbstractAutowireCapableBeanFactory.initializeBean(AbstractAutowireCapableBeanFactory.java:1769)
	... 16 common frames omitted
2026-01-05 23:16:21 [Thread-4] WARN  c.a.n.c.http.HttpClientBeanHolder - [HttpClientBeanHolder] Start destroying common HttpClient
2026-01-05 23:17:11 [main] INFO  c.h.r.RecognitionApplication - Starting RecognitionApplication using Java 17.0.1 with PID 47652 (D:\bianchenglianxi\java\project\face_recognition\recognition\target\classes started by 24148 in D:\bianchenglianxi\java\project\face_recognition\recognition)
2026-01-05 23:17:11 [main] INFO  c.h.r.RecognitionApplication - No active profile set, falling back to 1 default profile: "default"
2026-01-05 23:17:12 [main] INFO  o.s.d.r.c.RepositoryConfigurationDelegate - Multiple Spring Data modules found, entering strict repository configuration mode
2026-01-05 23:17:12 [main] INFO  o.s.d.r.c.RepositoryConfigurationDelegate - Bootstrapping Spring Data JDBC repositories in DEFAULT mode.
2026-01-05 23:17:12 [main] INFO  o.s.d.r.c.RepositoryConfigurationExtensionSupport - Spring Data JDBC - Could not safely identify store assignment for repository candidate interface com.homework.recognition.repository.AttendanceRecordRepository; If you want this repository to be a JDBC repository, consider annotating your entities with one of these annotations: org.springframework.data.relational.core.mapping.Table.
2026-01-05 23:17:12 [main] INFO  o.s.d.r.c.RepositoryConfigurationExtensionSupport - Spring Data JDBC - Could not safely identify store assignment for repository candidate interface com.homework.recognition.repository.FaceRecognitionLogRepository; If you want this repository to be a JDBC repository, consider annotating your entities with one of these annotations: org.springframework.data.relational.core.mapping.Table.
2026-01-05 23:17:12 [main] INFO  o.s.d.r.c.RepositoryConfigurationDelegate - Finished Spring Data repository scanning in 33 ms. Found 0 JDBC repository interfaces.
2026-01-05 23:17:12 [main] WARN  o.s.c.s.PostProcessorRegistrationDelegate$BeanPostProcessorChecker - Bean 'org.springframework.cloud.client.loadbalancer.LoadBalancerAutoConfiguration$LoadBalancerInterceptorConfig' of type [org.springframework.cloud.client.loadbalancer.LoadBalancerAutoConfiguration$LoadBalancerInterceptorConfig] is not eligible for getting processed by all BeanPostProcessors (for example: not eligible for auto-proxying). The currently created BeanPostProcessor [lbRestClientPostProcessor] is declared through a non-static factory method on that class; consider declaring it as static instead.
2026-01-05 23:17:12 [main] WARN  o.s.c.s.PostProcessorRegistrationDelegate$BeanPostProcessorChecker - Bean 'org.springframework.cloud.loadbalancer.config.BlockingLoadBalancerClientAutoConfiguration' of type [org.springframework.cloud.loadbalancer.config.BlockingLoadBalancerClientAutoConfiguration] is not eligible for getting processed by all BeanPostProcessors (for example: not eligible for auto-proxying). Is this bean getting eagerly injected into a currently created BeanPostProcessor [lbRestClientPostProcessor]? Check the corresponding BeanPostProcessor declaration and its dependencies.
2026-01-05 23:17:12 [main] WARN  o.s.c.s.PostProcessorRegistrationDelegate$BeanPostProcessorChecker - Bean 'org.springframework.cloud.loadbalancer.config.LoadBalancerAutoConfiguration' of type [org.springframework.cloud.loadbalancer.config.LoadBalancerAutoConfiguration] is not eligible for getting processed by all BeanPostProcessors (for example: not eligible for auto-proxying). Is this bean getting eagerly injected into a currently created BeanPostProcessor [lbRestClientPostProcessor]? Check the corresponding BeanPostProcessor declaration and its dependencies.
2026-01-05 23:17:12 [main] WARN  o.s.c.s.PostProcessorRegistrationDelegate$BeanPostProcessorChecker - Bean 'org.springframework.cloud.commons.config.CommonsConfigAutoConfiguration' of type [org.springframework.cloud.commons.config.CommonsConfigAutoConfiguration] is not eligible for getting processed by all BeanPostProcessors (for example: not eligible for auto-proxying). Is this bean getting eagerly injected into a currently created BeanPostProcessor [lbRestClientPostProcessor]? Check the corresponding BeanPostProcessor declaration and its dependencies.
2026-01-05 23:17:12 [main] WARN  o.s.c.s.PostProcessorRegistrationDelegate$BeanPostProcessorChecker - Bean 'org.springframework.cloud.client.loadbalancer.LoadBalancerDefaultMappingsProviderAutoConfiguration' of type [org.springframework.cloud.client.loadbalancer.LoadBalancerDefaultMappingsProviderAutoConfiguration] is not eligible for getting processed by all BeanPostProcessors (for example: not eligible for auto-proxying). Is this bean getting eagerly injected into a currently created BeanPostProcessor [lbRestClientPostProcessor]? Check the corresponding BeanPostProcessor declaration and its dependencies.
2026-01-05 23:17:12 [main] WARN  o.s.c.s.PostProcessorRegistrationDelegate$BeanPostProcessorChecker - Bean 'loadBalancerClientsDefaultsMappingsProvider' of type [org.springframework.cloud.client.loadbalancer.LoadBalancerDefaultMappingsProviderAutoConfiguration$$Lambda$688/0x000000080104e590] is not eligible for getting processed by all BeanPostProcessors (for example: not eligible for auto-proxying). Is this bean getting eagerly injected into a currently created BeanPostProcessor [lbRestClientPostProcessor]? Check the corresponding BeanPostProcessor declaration and its dependencies.
2026-01-05 23:17:12 [main] WARN  o.s.c.s.PostProcessorRegistrationDelegate$BeanPostProcessorChecker - Bean 'defaultsBindHandlerAdvisor' of type [org.springframework.cloud.commons.config.DefaultsBindHandlerAdvisor] is not eligible for getting processed by all BeanPostProcessors (for example: not eligible for auto-proxying). Is this bean getting eagerly injected into a currently created BeanPostProcessor [lbRestClientPostProcessor]? Check the corresponding BeanPostProcessor declaration and its dependencies.
2026-01-05 23:17:12 [main] WARN  o.s.c.s.PostProcessorRegistrationDelegate$BeanPostProcessorChecker - Bean 'spring.cloud.loadbalancer-org.springframework.cloud.client.loadbalancer.LoadBalancerClientsProperties' of type [org.springframework.cloud.client.loadbalancer.LoadBalancerClientsProperties] is not eligible for getting processed by all BeanPostProcessors (for example: not eligible for auto-proxying). Is this bean getting eagerly injected into a currently created BeanPostProcessor [lbRestClientPostProcessor]? Check the corresponding BeanPostProcessor declaration and its dependencies.
2026-01-05 23:17:12 [main] WARN  o.s.c.s.PostProcessorRegistrationDelegate$BeanPostProcessorChecker - Bean 'default.org.springframework.cloud.loadbalancer.config.LoadBalancerAutoConfiguration.LoadBalancerClientSpecification' of type [org.springframework.cloud.loadbalancer.annotation.LoadBalancerClientSpecification] is not eligible for getting processed by all BeanPostProcessors (for example: not eligible for auto-proxying). Is this bean getting eagerly injected into a currently created BeanPostProcessor [lbRestClientPostProcessor]? Check the corresponding BeanPostProcessor declaration and its dependencies.
2026-01-05 23:17:12 [main] WARN  o.s.c.s.PostProcessorRegistrationDelegate$BeanPostProcessorChecker - Bean 'default.org.springframework.cloud.loadbalancer.config.BlockingLoadBalancerClientAutoConfiguration.LoadBalancerClientSpecification' of type [org.springframework.cloud.loadbalancer.annotation.LoadBalancerClientSpecification] is not eligible for getting processed by all BeanPostProcessors (for example: not eligible for auto-proxying). Is this bean getting eagerly injected into a currently created BeanPostProcessor [lbRestClientPostProcessor]? Check the corresponding BeanPostProcessor declaration and its dependencies.
2026-01-05 23:17:12 [main] WARN  o.s.c.s.PostProcessorRegistrationDelegate$BeanPostProcessorChecker - Bean 'loadBalancerClientFactory' of type [org.springframework.cloud.loadbalancer.support.LoadBalancerClientFactory] is not eligible for getting processed by all BeanPostProcessors (for example: not eligible for auto-proxying). Is this bean getting eagerly injected into a currently created BeanPostProcessor [lbRestClientPostProcessor]? Check the corresponding BeanPostProcessor declaration and its dependencies.
2026-01-05 23:17:12 [main] WARN  o.s.c.s.PostProcessorRegistrationDelegate$BeanPostProcessorChecker - Bean 'blockingLoadBalancerClient' of type [org.springframework.cloud.loadbalancer.blocking.client.BlockingLoadBalancerClient] is not eligible for getting processed by all BeanPostProcessors (for example: not eligible for auto-proxying). Is this bean getting eagerly injected into a currently created BeanPostProcessor [lbRestClientPostProcessor]? Check the corresponding BeanPostProcessor declaration and its dependencies.
2026-01-05 23:17:13 [main] WARN  o.s.c.s.PostProcessorRegistrationDelegate$BeanPostProcessorChecker - Bean 'loadBalancerServiceInstanceCookieTransformer' of type [org.springframework.cloud.loadbalancer.core.LoadBalancerServiceInstanceCookieTransformer] is not eligible for getting processed by all BeanPostProcessors (for example: not eligible for auto-proxying). Is this bean getting eagerly injected into a currently created BeanPostProcessor [lbRestClientPostProcessor]? Check the corresponding BeanPostProcessor declaration and its dependencies.
2026-01-05 23:17:13 [main] WARN  o.s.c.s.PostProcessorRegistrationDelegate$BeanPostProcessorChecker - Bean 'xForwarderHeadersTransformer' of type [org.springframework.cloud.loadbalancer.blocking.XForwardedHeadersTransformer] is not eligible for getting processed by all BeanPostProcessors (for example: not eligible for auto-proxying). Is this bean getting eagerly injected into a currently created BeanPostProcessor [lbRestClientPostProcessor]? Check the corresponding BeanPostProcessor declaration and its dependencies.
2026-01-05 23:17:13 [main] WARN  o.s.c.s.PostProcessorRegistrationDelegate$BeanPostProcessorChecker - Bean 'org.springframework.cloud.client.loadbalancer.LoadBalancerAutoConfiguration' of type [org.springframework.cloud.client.loadbalancer.LoadBalancerAutoConfiguration] is not eligible for getting processed by all BeanPostProcessors (for example: not eligible for auto-proxying). Is this bean getting eagerly injected into a currently created BeanPostProcessor [lbRestClientPostProcessor]? Check the corresponding BeanPostProcessor declaration and its dependencies.
2026-01-05 23:17:13 [main] WARN  o.s.c.s.PostProcessorRegistrationDelegate$BeanPostProcessorChecker - Bean 'loadBalancerRequestFactory' of type [org.springframework.cloud.client.loadbalancer.LoadBalancerRequestFactory] is not eligible for getting processed by all BeanPostProcessors (for example: not eligible for auto-proxying). Is this bean getting eagerly injected into a currently created BeanPostProcessor [lbRestClientPostProcessor]? Check the corresponding BeanPostProcessor declaration and its dependencies.
2026-01-05 23:17:13 [main] WARN  o.s.c.s.PostProcessorRegistrationDelegate$BeanPostProcessorChecker - Bean 'loadBalancerInterceptor' of type [org.springframework.cloud.client.loadbalancer.LoadBalancerInterceptor] is not eligible for getting processed by all BeanPostProcessors (for example: not eligible for auto-proxying). Is this bean getting eagerly injected into a currently created BeanPostProcessor [lbRestClientPostProcessor]? Check the corresponding BeanPostProcessor declaration and its dependencies.
2026-01-05 23:17:13 [main] INFO  o.s.b.w.e.tomcat.TomcatWebServer - Tomcat initialized with port 0 (http)
2026-01-05 23:17:13 [main] INFO  o.a.coyote.http11.Http11NioProtocol - Initializing ProtocolHandler ["http-nio-auto-1"]
2026-01-05 23:17:13 [main] INFO  o.a.catalina.core.StandardService - Starting service [Tomcat]
2026-01-05 23:17:13 [main] INFO  o.a.catalina.core.StandardEngine - Starting Servlet engine: [Apache Tomcat/10.1.17]
2026-01-05 23:17:13 [main] INFO  o.a.c.c.C.[Tomcat].[localhost].[/] - Initializing Spring embedded WebApplicationContext
2026-01-05 23:17:13 [main] INFO  o.s.b.w.s.c.ServletWebServerApplicationContext - Root WebApplicationContext: initialization completed in 1974 ms
2026-01-05 23:17:13 [main] INFO  o.s.c.o.FeignClientFactoryBean - For 'python-port' URL not provided. Will try picking an instance via load-balancing.
2026-01-05 23:17:13 [main] INFO  o.s.c.o.FeignClientFactoryBean - For 'voice-synthesis' URL not provided. Will try picking an instance via load-balancing.
2026-01-05 23:17:14 [main] WARN  o.s.b.a.s.s.UserDetailsServiceAutoConfiguration - 

Using generated security password: eb68ab2b-3cf1-4b9e-8fce-4b6328dfe6bd

This generated password is for development use only. Your security configuration must be updated before running your application in production.

2026-01-05 23:17:14 [main] INFO  o.s.s.web.DefaultSecurityFilterChain - Will secure any request with [org.springframework.security.web.session.DisableEncodeUrlFilter@42066f0d, org.springframework.security.web.context.request.async.WebAsyncManagerIntegrationFilter@687e561b, org.springframework.security.web.context.SecurityContextHolderFilter@41f90b10, org.springframework.security.web.header.HeaderWriterFilter@e1a150c, org.springframework.web.filter.CorsFilter@299786b1, org.springframework.security.web.authentication.logout.LogoutFilter@66944c7c, org.springframework.security.web.savedrequest.RequestCacheAwareFilter@2773504f, org.springframework.security.web.servletapi.SecurityContextHolderAwareRequestFilter@497921d0, org.springframework.security.web.authentication.AnonymousAuthenticationFilter@75f8d9b0, org.springframework.security.web.session.SessionManagementFilter@8d5da7e, org.springframework.security.web.access.ExceptionTranslationFilter@7a34c1f6, org.springframework.security.web.access.intercept.AuthorizationFilter@5602e540]
2026-01-05 23:17:14 [main] INFO  c.a.nacos.client.utils.ParamUtil - [settings] [req-serv] nacos-server port:8848
2026-01-05 23:17:14 [main] INFO  c.a.nacos.client.utils.ParamUtil - [settings] [http-client] connect timeout:1000
2026-01-05 23:17:14 [Thread-3] INFO  c.a.n.c.a.r.i.CredentialWatcher - null No credential found
2026-01-05 23:17:14 [main] INFO  c.a.nacos.client.utils.ParamUtil - PER_TASK_CONFIG_SIZE: 3000.0
2026-01-05 23:17:14 [main] INFO  com.alibaba.nacos.common.labels - DefaultLabelsCollectorManager get labels.....
2026-01-05 23:17:14 [main] INFO  com.alibaba.nacos.common.labels - Process LabelsCollector with [name:defaultNacosLabelsCollector]
2026-01-05 23:17:14 [main] INFO  com.alibaba.nacos.common.labels - default nacos collect properties raw labels: null
2026-01-05 23:17:14 [main] INFO  com.alibaba.nacos.common.labels - default nacos collect properties labels: {}
2026-01-05 23:17:14 [main] INFO  com.alibaba.nacos.common.labels - default nacos collect jvm raw labels: null
2026-01-05 23:17:14 [main] INFO  com.alibaba.nacos.common.labels - default nacos collect jvm labels: {}
2026-01-05 23:17:14 [main] INFO  com.alibaba.nacos.common.labels - default nacos collect env raw labels: null
2026-01-05 23:17:14 [main] INFO  com.alibaba.nacos.common.labels - default nacos collect env labels: {}
2026-01-05 23:17:14 [main] INFO  com.alibaba.nacos.common.labels - DefaultLabelsCollectorManager get labels finished,labels :{}
2026-01-05 23:17:14 [main] INFO  c.a.n.p.a.s.c.ClientAuthPluginManager - [ClientAuthPluginManager] Load ClientAuthService com.alibaba.nacos.client.auth.impl.NacosClientAuthServiceImpl success.
2026-01-05 23:17:14 [main] INFO  c.a.n.p.a.s.c.ClientAuthPluginManager - [ClientAuthPluginManager] Load ClientAuthService com.alibaba.nacos.client.auth.ram.RamClientAuthServiceImpl success.
2026-01-05 23:17:27 [main] INFO  com.zaxxer.hikari.HikariDataSource - HikariPool-1 - Starting...
2026-01-05 23:17:28 [main] INFO  com.zaxxer.hikari.pool.HikariPool - HikariPool-1 - Added connection com.mysql.cj.jdbc.ConnectionImpl@349996a6
2026-01-05 23:17:28 [main] INFO  com.zaxxer.hikari.HikariDataSource - HikariPool-1 - Start completed.
2026-01-05 23:17:28 [main] INFO  org.quartz.impl.StdSchedulerFactory - Using default implementation for ThreadExecutor
2026-01-05 23:17:28 [main] INFO  o.quartz.core.SchedulerSignalerImpl - Initialized Scheduler Signaller of type: class org.quartz.core.SchedulerSignalerImpl
2026-01-05 23:17:28 [main] INFO  org.quartz.core.QuartzScheduler - Quartz Scheduler v.2.3.2 created.
2026-01-05 23:17:28 [main] INFO  org.quartz.simpl.RAMJobStore - RAMJobStore initialized.
2026-01-05 23:17:28 [main] INFO  org.quartz.core.QuartzScheduler - Scheduler meta-data: Quartz Scheduler (v2.3.2) 'quartzScheduler' with instanceId 'NON_CLUSTERED'
  Scheduler class: 'org.quartz.core.QuartzScheduler' - running locally.
  NOT STARTED.
  Currently in standby mode.
  Number of jobs executed: 0
  Using thread pool 'org.quartz.simpl.SimpleThreadPool' - with 10 threads.
  Using job-store 'org.quartz.simpl.RAMJobStore' - which does not support persistence. and is not clustered.

2026-01-05 23:17:28 [main] INFO  org.quartz.impl.StdSchedulerFactory - Quartz scheduler 'quartzScheduler' initialized from an externally provided properties instance.
2026-01-05 23:17:28 [main] INFO  org.quartz.impl.StdSchedulerFactory - Quartz scheduler version: 2.3.2
2026-01-05 23:17:28 [main] INFO  org.quartz.core.QuartzScheduler - JobFactory set to: org.springframework.scheduling.quartz.SpringBeanJobFactory@bf18412
2026-01-05 23:17:28 [main] WARN  o.s.c.l.c.LoadBalancerCacheAutoConfiguration$LoadBalancerCaffeineWarnLogger - Spring Cloud LoadBalancer is currently working with the default cache. While this cache implementation is useful for development and tests, it's recommended to use Caffeine cache in production.You can switch to using Caffeine cache, by adding it and org.springframework.cache.caffeine.CaffeineCacheManager to the classpath.
2026-01-05 23:17:28 [main] INFO  o.a.coyote.http11.Http11NioProtocol - Starting ProtocolHandler ["http-nio-auto-1"]
2026-01-05 23:17:29 [main] INFO  o.s.b.w.e.tomcat.TomcatWebServer - Tomcat started on port 55482 (http) with context path ''
2026-01-05 23:17:29 [main] INFO  com.alibaba.nacos.client.naming - initializer namespace from ans.namespace attribute : null
2026-01-05 23:17:29 [main] INFO  com.alibaba.nacos.client.naming - initializer namespace from ALIBABA_ALIWARE_NAMESPACE attribute :null
2026-01-05 23:17:29 [main] INFO  com.alibaba.nacos.client.naming - initializer namespace from namespace attribute :null
2026-01-05 23:17:29 [main] INFO  com.alibaba.nacos.client.naming - FailoverDataSource type is class com.alibaba.nacos.client.naming.backups.datasource.DiskFailoverDataSource
2026-01-05 23:17:29 [main] INFO  c.a.n.p.a.s.c.ClientAuthPluginManager - [ClientAuthPluginManager] Load ClientAuthService com.alibaba.nacos.client.auth.impl.NacosClientAuthServiceImpl success.
2026-01-05 23:17:29 [main] INFO  c.a.n.p.a.s.c.ClientAuthPluginManager - [ClientAuthPluginManager] Load ClientAuthService com.alibaba.nacos.client.auth.ram.RamClientAuthServiceImpl success.
2026-01-05 23:17:29 [main] INFO  c.alibaba.nacos.common.remote.client - [RpcClientFactory] create a new rpc client of 90a08001-d062-4115-b894-6a5fe975eabf
2026-01-05 23:17:29 [main] INFO  com.alibaba.nacos.client.naming - Create naming rpc client for uuid->90a08001-d062-4115-b894-6a5fe975eabf
2026-01-05 23:17:29 [main] INFO  c.alibaba.nacos.common.remote.client - [90a08001-d062-4115-b894-6a5fe975eabf] RpcClient init, ServerListFactory = com.alibaba.nacos.client.naming.core.ServerListManager
2026-01-05 23:17:29 [main] INFO  c.alibaba.nacos.common.remote.client - [90a08001-d062-4115-b894-6a5fe975eabf] Registry connection listener to current client:com.alibaba.nacos.client.naming.remote.gprc.redo.NamingGrpcRedoService
2026-01-05 23:17:29 [main] INFO  c.alibaba.nacos.common.remote.client - [90a08001-d062-4115-b894-6a5fe975eabf] Register server push request handler:com.alibaba.nacos.client.naming.remote.gprc.NamingPushRequestHandler
2026-01-05 23:17:29 [main] INFO  c.alibaba.nacos.common.remote.client - [90a08001-d062-4115-b894-6a5fe975eabf] Try to connect to server on start up, server: {serverIp = 'localhost', server main port = 8848}
2026-01-05 23:17:29 [main] INFO  c.a.n.c.r.client.grpc.GrpcClient - grpc client connection server:localhost ip,serverPort:9848,grpcTslConfig:{"sslProvider":"","enableTls":false,"mutualAuthEnable":false,"trustAll":false}
2026-01-05 23:17:30 [main] INFO  c.a.n.c.a.AbstractAbilityControlManager - Ready to get current node abilities...
2026-01-05 23:17:30 [main] INFO  c.a.n.c.a.AbstractAbilityControlManager - Ready to initialize current node abilities, support modes: [SDK_CLIENT]
2026-01-05 23:17:30 [main] INFO  c.a.n.c.a.AbstractAbilityControlManager - Initialize current abilities finish...
2026-01-05 23:17:30 [main] INFO  c.a.n.c.a.d.NacosAbilityManagerHolder - [AbilityControlManager] Successfully initialize AbilityControlManager
2026-01-05 23:17:30 [main] INFO  c.alibaba.nacos.common.remote.client - [90a08001-d062-4115-b894-6a5fe975eabf] Success to connect to server [localhost:8848] on start up, connectionId = 1767626250437_127.0.0.1_55493
2026-01-05 23:17:30 [com.alibaba.nacos.client.remote.worker.0] INFO  c.alibaba.nacos.common.remote.client - [90a08001-d062-4115-b894-6a5fe975eabf] Notify connected event to listeners.
2026-01-05 23:17:30 [main] INFO  c.alibaba.nacos.common.remote.client - [90a08001-d062-4115-b894-6a5fe975eabf] Register server push request handler:com.alibaba.nacos.common.remote.client.RpcClient$ConnectResetRequestHandler
2026-01-05 23:17:30 [main] INFO  c.alibaba.nacos.common.remote.client - [90a08001-d062-4115-b894-6a5fe975eabf] Register server push request handler:com.alibaba.nacos.common.remote.client.RpcClient$$Lambda$1287/0x00000008013eeb48
2026-01-05 23:17:30 [com.alibaba.nacos.client.remote.worker.0] INFO  com.alibaba.nacos.client.naming - Grpc connection connect
2026-01-05 23:17:30 [main] INFO  com.alibaba.nacos.client.naming - [REGISTER-SERVICE] public registering service recognition with instance Instance{instanceId='null', ip='192.168.183.1', port=55482, weight=1.0, healthy=true, enabled=true, ephemeral=true, clusterName='DEFAULT', serviceName='null', metadata={IPv6=[2001:da8:d002:b001:0:0:11f:33db], preserved.register.source=SPRING_CLOUD}}
2026-01-05 23:17:30 [main] INFO  c.a.c.n.r.NacosServiceRegistry - nacos registry, DEFAULT_GROUP recognition 192.168.183.1:55482 register finished
2026-01-05 23:17:31 [main] INFO  o.s.s.quartz.SchedulerFactoryBean - Starting Quartz Scheduler now
2026-01-05 23:17:31 [main] INFO  org.quartz.core.QuartzScheduler - Scheduler quartzScheduler_$_NON_CLUSTERED started.
2026-01-05 23:17:31 [main] INFO  c.h.r.RecognitionApplication - Started RecognitionApplication in 20.737 seconds (process running for 21.117)
2026-01-05 23:17:31 [scheduling-1] INFO  c.h.r.s.i.FaceDataCleanupServiceImpl - 开始执行全部人脸数据清理操作,当前时间为2026-01-05T23:17:31.119811600
2026-01-05 23:17:31 [scheduling-1] INFO  c.h.r.s.i.FaceDataCleanupServiceImpl - 开始清理Python服务临时文件，目录：d:/bianchenglianxi/java/project/face_recognition/python_port/uploads
2026-01-05 23:17:31 [scheduling-1] INFO  c.h.r.s.i.FaceDataCleanupServiceImpl - 删除临时文件成功：d:\bianchenglianxi\java\project\face_recognition\python_port\uploads\face_20260105162236243.jpg
2026-01-05 23:17:31 [scheduling-1] INFO  c.h.r.s.i.FaceDataCleanupServiceImpl - 删除临时文件成功：d:\bianchenglianxi\java\project\face_recognition\python_port\uploads\face_20260105162241222.jpg
2026-01-05 23:17:31 [scheduling-1] INFO  c.h.r.s.i.FaceDataCleanupServiceImpl - 删除临时文件成功：d:\bianchenglianxi\java\project\face_recognition\python_port\uploads\face_20260105162246216.jpg
2026-01-05 23:17:31 [scheduling-1] INFO  c.h.r.s.i.FaceDataCleanupServiceImpl - 删除临时文件成功：d:\bianchenglianxi\java\project\face_recognition\python_port\uploads\face_20260105162251298.jpg
2026-01-05 23:17:31 [scheduling-1] INFO  c.h.r.s.i.FaceDataCleanupServiceImpl - 删除临时文件成功：d:\bianchenglianxi\java\project\face_recognition\python_port\uploads\face_20260105162256222.jpg
2026-01-05 23:17:31 [scheduling-1] INFO  c.h.r.s.i.FaceDataCleanupServiceImpl - 删除临时文件成功：d:\bianchenglianxi\java\project\face_recognition\python_port\uploads\face_20260105162301250.jpg
2026-01-05 23:17:31 [scheduling-1] INFO  c.h.r.s.i.FaceDataCleanupServiceImpl - 删除临时文件成功：d:\bianchenglianxi\java\project\face_recognition\python_port\uploads\face_20260105162306213.jpg
2026-01-05 23:17:31 [scheduling-1] INFO  c.h.r.s.i.FaceDataCleanupServiceImpl - 删除临时文件成功：d:\bianchenglianxi\java\project\face_recognition\python_port\uploads\face_20260105162311271.jpg
2026-01-05 23:17:31 [scheduling-1] INFO  c.h.r.s.i.FaceDataCleanupServiceImpl - 删除临时文件成功：d:\bianchenglianxi\java\project\face_recognition\python_port\uploads\face_20260105162316234.jpg
2026-01-05 23:17:31 [scheduling-1] INFO  c.h.r.s.i.FaceDataCleanupServiceImpl - 删除临时文件成功：d:\bianchenglianxi\java\project\face_recognition\python_port\uploads\face_20260105162321232.jpg
2026-01-05 23:17:31 [scheduling-1] INFO  c.h.r.s.i.FaceDataCleanupServiceImpl - 删除临时文件成功：d:\bianchenglianxi\java\project\face_recognition\python_port\uploads\face_20260105162326245.jpg
2026-01-05 23:17:31 [scheduling-1] INFO  c.h.r.s.i.FaceDataCleanupServiceImpl - 删除临时文件成功：d:\bianchenglianxi\java\project\face_recognition\python_port\uploads\face_20260105162331232.jpg
2026-01-05 23:17:31 [scheduling-1] INFO  c.h.r.s.i.FaceDataCleanupServiceImpl - 删除临时文件成功：d:\bianchenglianxi\java\project\face_recognition\python_port\uploads\face_20260105162336397.jpg
2026-01-05 23:17:31 [scheduling-1] INFO  c.h.r.s.i.FaceDataCleanupServiceImpl - 删除临时文件成功：d:\bianchenglianxi\java\project\face_recognition\python_port\uploads\face_20260105162341238.jpg
2026-01-05 23:17:31 [scheduling-1] INFO  c.h.r.s.i.FaceDataCleanupServiceImpl - 删除临时文件成功：d:\bianchenglianxi\java\project\face_recognition\python_port\uploads\face_20260105162346218.jpg
2026-01-05 23:17:31 [scheduling-1] INFO  c.h.r.s.i.FaceDataCleanupServiceImpl - 删除临时文件成功：d:\bianchenglianxi\java\project\face_recognition\python_port\uploads\face_20260105162351221.jpg
2026-01-05 23:17:31 [scheduling-1] INFO  c.h.r.s.i.FaceDataCleanupServiceImpl - 删除临时文件成功：d:\bianchenglianxi\java\project\face_recognition\python_port\uploads\face_20260105162356242.jpg
2026-01-05 23:17:31 [scheduling-1] INFO  c.h.r.s.i.FaceDataCleanupServiceImpl - 删除临时文件成功：d:\bianchenglianxi\java\project\face_recognition\python_port\uploads\face_20260105162401307.jpg
2026-01-05 23:17:31 [scheduling-1] INFO  c.h.r.s.i.FaceDataCleanupServiceImpl - Python服务临时文件清理完成
2026-01-05 23:17:31 [scheduling-1] INFO  c.h.r.s.i.FaceDataCleanupServiceImpl - 开始清理检测文件夹，目录：d:/bianchenglianxi/java/project/face_recognition/python_port/uploads
2026-01-05 23:17:31 [scheduling-1] INFO  c.h.r.s.i.FaceDataCleanupServiceImpl - 检测文件夹清理完成
2026-01-05 23:17:31 [scheduling-1] INFO  c.h.r.s.i.FaceDataCleanupServiceImpl - 开始清理过期人脸数据，人脸数据库目录：d:/bianchenglianxi/java/project/face_recognition/python_port/img
2026-01-05 23:17:31 [scheduling-1] INFO  c.h.r.s.i.FaceDataCleanupServiceImpl - 过期人脸数据清理完成
2026-01-05 23:17:31 [scheduling-1] INFO  c.h.r.s.i.FaceDataCleanupServiceImpl - 全部人脸数据清理操作执行完成,当前时间为2026-01-05T23:17:31.141604900
